file,line,type,commit,author,date,time,timezone,datetime,depth,length
style.css,1,css,bc925839,Kalberhe,2025-10-10,18:22:40,-07:00,2025-10-10T18:22:40-07:00,0,27
style.css,2,css,e429fd97,Kalberhe,2025-10-10,17:40:53,-07:00,2025-10-10T17:40:53-07:00,0,51
style.css,3,css,e429fd97,Kalberhe,2025-10-10,17:40:53,-07:00,2025-10-10T17:40:53-07:00,0,0
style.css,4,css,e429fd97,Kalberhe,2025-10-10,17:40:53,-07:00,2025-10-10T17:40:53-07:00,0,5
style.css,5,css,e429fd97,Kalberhe,2025-10-10,17:40:53,-07:00,2025-10-10T17:40:53-07:00,0,17
style.css,6,css,e429fd97,Kalberhe,2025-10-10,17:40:53,-07:00,2025-10-10T17:40:53-07:00,0,20
style.css,7,css,e429fd97,Kalberhe,2025-10-10,17:40:53,-07:00,2025-10-10T17:40:53-07:00,0,11
style.css,8,css,e429fd97,Kalberhe,2025-10-10,17:40:53,-07:00,2025-10-10T17:40:53-07:00,0,13
style.css,9,css,e429fd97,Kalberhe,2025-10-10,17:40:53,-07:00,2025-10-10T17:40:53-07:00,0,15
style.css,10,css,e429fd97,Kalberhe,2025-10-10,17:40:53,-07:00,2025-10-10T17:40:53-07:00,0,15
style.css,11,css,bc925839,Kalberhe,2025-10-10,18:22:40,-07:00,2025-10-10T18:22:40-07:00,0,18
style.css,12,css,4455fd83,Kalberhe,2025-10-03,16:37:23,-07:00,2025-10-03T16:37:23-07:00,0,0
style.css,13,css,4455fd83,Kalberhe,2025-10-03,16:37:23,-07:00,2025-10-03T16:37:23-07:00,0,0
style.css,14,css,bc925839,Kalberhe,2025-10-10,18:22:40,-07:00,2025-10-10T18:22:40-07:00,0,17
style.css,15,css,bc925839,Kalberhe,2025-10-10,18:22:40,-07:00,2025-10-10T18:22:40-07:00,0,28
style.css,16,css,e429fd97,Kalberhe,2025-10-10,17:40:53,-07:00,2025-10-10T17:40:53-07:00,0,4
style.css,17,css,f900ed5e,Kalberhe,2025-10-03,16:55:57,-07:00,2025-10-03T16:55:57-07:00,0,59
style.css,18,css,bc925839,Kalberhe,2025-10-10,18:22:40,-07:00,2025-10-10T18:22:40-07:00,0,32
style.css,19,css,e429fd97,Kalberhe,2025-10-10,17:40:53,-07:00,2025-10-10T17:40:53-07:00,0,17
style.css,20,css,f900ed5e,Kalberhe,2025-10-03,16:55:57,-07:00,2025-10-03T16:55:57-07:00,0,16
style.css,21,css,e429fd97,Kalberhe,2025-10-10,17:40:53,-07:00,2025-10-10T17:40:53-07:00,0,0
style.css,22,css,bc925839,Kalberhe,2025-10-10,18:22:40,-07:00,2025-10-10T18:22:40-07:00,0,25
style.css,23,css,e429fd97,Kalberhe,2025-10-10,17:40:53,-07:00,2025-10-10T17:40:53-07:00,0,16
style.css,24,css,e429fd97,Kalberhe,2025-10-10,17:40:53,-07:00,2025-10-10T17:40:53-07:00,0,42
style.css,25,css,e429fd97,Kalberhe,2025-10-10,17:40:53,-07:00,2025-10-10T17:40:53-07:00,0,22
style.css,26,css,e429fd97,Kalberhe,2025-10-10,17:40:53,-07:00,2025-10-10T17:40:53-07:00,0,21
style.css,27,css,4455fd83,Kalberhe,2025-10-03,16:37:23,-07:00,2025-10-03T16:37:23-07:00,0,0
style.css,28,css,4455fd83,Kalberhe,2025-10-03,16:37:23,-07:00,2025-10-03T16:37:23-07:00,0,0
style.css,29,css,bc925839,Kalberhe,2025-10-10,18:22:40,-07:00,2025-10-10T18:22:40-07:00,0,25
style.css,30,css,4455fd83,Kalberhe,2025-10-03,16:37:23,-07:00,2025-10-03T16:37:23-07:00,0,0
style.css,31,css,db1b3ad8,Kalberhe,2025-10-17,18:41:34,-07:00,2025-10-17T18:41:34-07:00,0,2
style.css,32,css,db1b3ad8,Kalberhe,2025-10-17,18:41:34,-07:00,2025-10-17T18:41:34-07:00,0,17
style.css,33,css,db1b3ad8,Kalberhe,2025-10-17,18:41:34,-07:00,2025-10-17T18:41:34-07:00,0,20
style.css,34,css,db1b3ad8,Kalberhe,2025-10-17,18:41:34,-07:00,2025-10-17T18:41:34-07:00,0,17
style.css,35,css,db1b3ad8,Kalberhe,2025-10-17,18:41:34,-07:00,2025-10-17T18:41:34-07:00,0,0
style.css,36,css,db1b3ad8,Kalberhe,2025-10-17,18:41:34,-07:00,2025-10-17T18:41:34-07:00,0,0
style.css,37,css,bc925839,Kalberhe,2025-10-10,18:22:40,-07:00,2025-10-10T18:22:40-07:00,0,2
style.css,38,css,bc925839,Kalberhe,2025-10-10,18:22:40,-07:00,2025-10-10T18:22:40-07:00,0,17
style.css,39,css,bc925839,Kalberhe,2025-10-10,18:22:40,-07:00,2025-10-10T18:22:40-07:00,0,20
style.css,40,css,bc925839,Kalberhe,2025-10-10,18:22:40,-07:00,2025-10-10T18:22:40-07:00,0,36
style.css,41,css,bc925839,Kalberhe,2025-10-10,18:22:40,-07:00,2025-10-10T18:22:40-07:00,0,21
style.css,42,css,db1b3ad8,Kalberhe,2025-10-17,18:41:34,-07:00,2025-10-17T18:41:34-07:00,0,21
style.css,43,css,db1b3ad8,Kalberhe,2025-10-17,18:41:34,-07:00,2025-10-17T18:41:34-07:00,0,0
style.css,44,css,db1b3ad8,Kalberhe,2025-10-17,18:41:34,-07:00,2025-10-17T18:41:34-07:00,0,0
style.css,45,css,db1b3ad8,Kalberhe,2025-10-17,18:41:34,-07:00,2025-10-17T18:41:34-07:00,0,33
style.css,46,css,db1b3ad8,Kalberhe,2025-10-17,18:41:34,-07:00,2025-10-17T18:41:34-07:00,0,26
style.css,47,css,db1b3ad8,Kalberhe,2025-10-17,18:41:34,-07:00,2025-10-17T18:41:34-07:00,0,43
style.css,48,css,db1b3ad8,Kalberhe,2025-10-17,18:41:34,-07:00,2025-10-17T18:41:34-07:00,0,0
style.css,49,css,db1b3ad8,Kalberhe,2025-10-17,18:41:34,-07:00,2025-10-17T18:41:34-07:00,0,25
style.css,50,css,db1b3ad8,Kalberhe,2025-10-17,18:41:34,-07:00,2025-10-17T18:41:34-07:00,0,42
style.css,51,css,bc925839,Kalberhe,2025-10-10,18:22:40,-07:00,2025-10-10T18:22:40-07:00,0,0
style.css,52,css,bc925839,Kalberhe,2025-10-10,18:22:40,-07:00,2025-10-10T18:22:40-07:00,0,0
style.css,53,css,bc925839,Kalberhe,2025-10-10,18:22:40,-07:00,2025-10-10T18:22:40-07:00,0,30
style.css,54,css,bc925839,Kalberhe,2025-10-10,18:22:40,-07:00,2025-10-10T18:22:40-07:00,0,49
style.css,55,css,bc925839,Kalberhe,2025-10-10,18:22:40,-07:00,2025-10-10T18:22:40-07:00,0,0
style.css,56,css,bc925839,Kalberhe,2025-10-10,18:22:40,-07:00,2025-10-10T18:22:40-07:00,0,11
style.css,57,css,bc925839,Kalberhe,2025-10-10,18:22:40,-07:00,2025-10-10T18:22:40-07:00,0,3
style.css,58,css,bc925839,Kalberhe,2025-10-10,18:22:40,-07:00,2025-10-10T18:22:40-07:00,0,14
style.css,59,css,bc925839,Kalberhe,2025-10-10,18:22:40,-07:00,2025-10-10T18:22:40-07:00,0,17
style.css,60,css,bc925839,Kalberhe,2025-10-10,18:22:40,-07:00,2025-10-10T18:22:40-07:00,0,19
style.css,61,css,bc925839,Kalberhe,2025-10-10,18:22:40,-07:00,2025-10-10T18:22:40-07:00,0,15
style.css,62,css,bc925839,Kalberhe,2025-10-10,18:22:40,-07:00,2025-10-10T18:22:40-07:00,0,12
style.css,63,css,bc925839,Kalberhe,2025-10-10,18:22:40,-07:00,2025-10-10T18:22:40-07:00,0,37
style.css,64,css,bc925839,Kalberhe,2025-10-10,18:22:40,-07:00,2025-10-10T18:22:40-07:00,0,0
style.css,65,css,bc925839,Kalberhe,2025-10-10,18:22:40,-07:00,2025-10-10T18:22:40-07:00,0,0
style.css,66,css,bc925839,Kalberhe,2025-10-10,18:22:40,-07:00,2025-10-10T18:22:40-07:00,0,11
style.css,67,css,bc925839,Kalberhe,2025-10-10,18:22:40,-07:00,2025-10-10T18:22:40-07:00,0,77
style.css,68,css,bc925839,Kalberhe,2025-10-10,18:22:40,-07:00,2025-10-10T18:22:40-07:00,0,0
style.css,69,css,bc925839,Kalberhe,2025-10-10,18:22:40,-07:00,2025-10-10T18:22:40-07:00,0,32
style.css,70,css,e429fd97,Kalberhe,2025-10-10,17:40:53,-07:00,2025-10-10T17:40:53-07:00,0,3
style.css,71,css,4455fd83,Kalberhe,2025-10-03,16:37:23,-07:00,2025-10-03T16:37:23-07:00,0,16
style.css,72,css,e429fd97,Kalberhe,2025-10-10,17:40:53,-07:00,2025-10-10T17:40:53-07:00,0,13
style.css,73,css,e429fd97,Kalberhe,2025-10-10,17:40:53,-07:00,2025-10-10T17:40:53-07:00,0,10
style.css,74,css,e429fd97,Kalberhe,2025-10-10,17:40:53,-07:00,2025-10-10T17:40:53-07:00,0,36
style.css,75,css,e429fd97,Kalberhe,2025-10-10,17:40:53,-07:00,2025-10-10T17:40:53-07:00,0,22
style.css,76,css,4455fd83,Kalberhe,2025-10-03,16:37:23,-07:00,2025-10-03T16:37:23-07:00,0,0
style.css,77,css,e429fd97,Kalberhe,2025-10-10,17:40:53,-07:00,2025-10-10T17:40:53-07:00,0,5
style.css,78,css,e429fd97,Kalberhe,2025-10-10,17:40:53,-07:00,2025-10-10T17:40:53-07:00,0,7
style.css,79,css,e429fd97,Kalberhe,2025-10-10,17:40:53,-07:00,2025-10-10T17:40:53-07:00,0,18
style.css,80,css,4455fd83,Kalberhe,2025-10-03,16:37:23,-07:00,2025-10-03T16:37:23-07:00,0,21
style.css,81,css,4455fd83,Kalberhe,2025-10-03,16:37:23,-07:00,2025-10-03T16:37:23-07:00,0,16
style.css,82,css,e429fd97,Kalberhe,2025-10-10,17:40:53,-07:00,2025-10-10T17:40:53-07:00,0,20
style.css,83,css,e429fd97,Kalberhe,2025-10-10,17:40:53,-07:00,2025-10-10T17:40:53-07:00,0,21
style.css,84,css,e429fd97,Kalberhe,2025-10-10,17:40:53,-07:00,2025-10-10T17:40:53-07:00,0,76
style.css,85,css,bc925839,Kalberhe,2025-10-10,18:22:40,-07:00,2025-10-10T18:22:40-07:00,0,74
style.css,86,css,bc925839,Kalberhe,2025-10-10,18:22:40,-07:00,2025-10-10T18:22:40-07:00,0,0
style.css,87,css,e429fd97,Kalberhe,2025-10-10,17:40:53,-07:00,2025-10-10T17:40:53-07:00,0,11
style.css,88,css,e429fd97,Kalberhe,2025-10-10,17:40:53,-07:00,2025-10-10T17:40:53-07:00,0,23
style.css,89,css,e429fd97,Kalberhe,2025-10-10,17:40:53,-07:00,2025-10-10T17:40:53-07:00,0,34
style.css,90,css,e429fd97,Kalberhe,2025-10-10,17:40:53,-07:00,2025-10-10T17:40:53-07:00,0,25
style.css,91,css,e429fd97,Kalberhe,2025-10-10,17:40:53,-07:00,2025-10-10T17:40:53-07:00,0,0
style.css,92,css,e429fd97,Kalberhe,2025-10-10,17:40:53,-07:00,2025-10-10T17:40:53-07:00,0,13
style.css,93,css,e429fd97,Kalberhe,2025-10-10,17:40:53,-07:00,2025-10-10T17:40:53-07:00,0,17
style.css,94,css,e429fd97,Kalberhe,2025-10-10,17:40:53,-07:00,2025-10-10T17:40:53-07:00,0,34
style.css,95,css,4455fd83,Kalberhe,2025-10-03,16:37:23,-07:00,2025-10-03T16:37:23-07:00,0,0
style.css,96,css,bc925839,Kalberhe,2025-10-10,18:22:40,-07:00,2025-10-10T18:22:40-07:00,0,25
style.css,97,css,bc925839,Kalberhe,2025-10-10,18:22:40,-07:00,2025-10-10T18:22:40-07:00,0,29
style.css,98,css,4455fd83,Kalberhe,2025-10-03,16:37:23,-07:00,2025-10-03T16:37:23-07:00,0,0
style.css,99,css,4455fd83,Kalberhe,2025-10-03,16:37:23,-07:00,2025-10-03T16:37:23-07:00,0,0
style.css,100,css,bc925839,Kalberhe,2025-10-10,18:22:40,-07:00,2025-10-10T18:22:40-07:00,0,30
style.css,101,css,bc925839,Kalberhe,2025-10-10,18:22:40,-07:00,2025-10-10T18:22:40-07:00,0,4
style.css,102,css,bc925839,Kalberhe,2025-10-10,18:22:40,-07:00,2025-10-10T18:22:40-07:00,0,21
style.css,103,css,bc925839,Kalberhe,2025-10-10,18:22:40,-07:00,2025-10-10T18:22:40-07:00,0,21
style.css,104,css,bc925839,Kalberhe,2025-10-10,18:22:40,-07:00,2025-10-10T18:22:40-07:00,0,30
style.css,105,css,bc925839,Kalberhe,2025-10-10,18:22:40,-07:00,2025-10-10T18:22:40-07:00,0,22
style.css,106,css,bc925839,Kalberhe,2025-10-10,18:22:40,-07:00,2025-10-10T18:22:40-07:00,0,20
style.css,107,css,bc925839,Kalberhe,2025-10-10,18:22:40,-07:00,2025-10-10T18:22:40-07:00,0,20
style.css,108,css,4455fd83,Kalberhe,2025-10-03,16:37:23,-07:00,2025-10-03T16:37:23-07:00,0,0
style.css,109,css,bc925839,Kalberhe,2025-10-10,18:22:40,-07:00,2025-10-10T18:22:40-07:00,0,57
style.css,110,css,4455fd83,Kalberhe,2025-10-03,16:37:23,-07:00,2025-10-03T16:37:23-07:00,0,0
style.css,111,css,e786c130,Kalberhe,2025-10-10,19:08:33,-07:00,2025-10-10T19:08:33-07:00,0,58
style.css,112,css,e429fd97,Kalberhe,2025-10-10,17:40:53,-07:00,2025-10-10T17:40:53-07:00,0,12
style.css,113,css,e429fd97,Kalberhe,2025-10-10,17:40:53,-07:00,2025-10-10T17:40:53-07:00,0,13
style.css,114,css,e786c130,Kalberhe,2025-10-10,19:08:33,-07:00,2025-10-10T19:08:33-07:00,0,82
style.css,115,css,bc925839,Kalberhe,2025-10-10,18:22:40,-07:00,2025-10-10T18:22:40-07:00,0,18
style.css,116,css,bc925839,Kalberhe,2025-10-10,18:22:40,-07:00,2025-10-10T18:22:40-07:00,0,13
style.css,117,css,bc925839,Kalberhe,2025-10-10,18:22:40,-07:00,2025-10-10T18:22:40-07:00,0,19
style.css,118,css,e429fd97,Kalberhe,2025-10-10,17:40:53,-07:00,2025-10-10T17:40:53-07:00,0,23
style.css,119,css,e429fd97,Kalberhe,2025-10-10,17:40:53,-07:00,2025-10-10T17:40:53-07:00,0,0
style.css,120,css,bc925839,Kalberhe,2025-10-10,18:22:40,-07:00,2025-10-10T18:22:40-07:00,0,0
style.css,121,css,bc925839,Kalberhe,2025-10-10,18:22:40,-07:00,2025-10-10T18:22:40-07:00,0,18
style.css,122,css,bc925839,Kalberhe,2025-10-10,18:22:40,-07:00,2025-10-10T18:22:40-07:00,0,14
style.css,123,css,e786c130,Kalberhe,2025-10-10,19:08:33,-07:00,2025-10-10T19:08:33-07:00,0,62
style.css,124,css,e786c130,Kalberhe,2025-10-10,19:08:33,-07:00,2025-10-10T19:08:33-07:00,0,55
style.css,125,css,bc925839,Kalberhe,2025-10-10,18:22:40,-07:00,2025-10-10T18:22:40-07:00,0,21
style.css,126,css,bc925839,Kalberhe,2025-10-10,18:22:40,-07:00,2025-10-10T18:22:40-07:00,0,0
style.css,127,css,bc925839,Kalberhe,2025-10-10,18:22:40,-07:00,2025-10-10T18:22:40-07:00,0,0
style.css,128,css,e429fd97,Kalberhe,2025-10-10,17:40:53,-07:00,2025-10-10T17:40:53-07:00,0,18
style.css,129,css,e429fd97,Kalberhe,2025-10-10,17:40:53,-07:00,2025-10-10T17:40:53-07:00,0,21
style.css,130,css,e429fd97,Kalberhe,2025-10-10,17:40:53,-07:00,2025-10-10T17:40:53-07:00,0,19
style.css,131,css,e429fd97,Kalberhe,2025-10-10,17:40:53,-07:00,2025-10-10T17:40:53-07:00,0,14
style.css,132,css,e429fd97,Kalberhe,2025-10-10,17:40:53,-07:00,2025-10-10T17:40:53-07:00,0,11
style.css,133,css,bc925839,Kalberhe,2025-10-10,18:22:40,-07:00,2025-10-10T18:22:40-07:00,0,22
style.css,134,css,e429fd97,Kalberhe,2025-10-10,17:40:53,-07:00,2025-10-10T17:40:53-07:00,0,29
style.css,135,css,e429fd97,Kalberhe,2025-10-10,17:40:53,-07:00,2025-10-10T17:40:53-07:00,0,20
style.css,136,css,e429fd97,Kalberhe,2025-10-10,17:40:53,-07:00,2025-10-10T17:40:53-07:00,0,23
style.css,137,css,e429fd97,Kalberhe,2025-10-10,17:40:53,-07:00,2025-10-10T17:40:53-07:00,0,0
style.css,138,css,bc925839,Kalberhe,2025-10-10,18:22:40,-07:00,2025-10-10T18:22:40-07:00,0,0
style.css,139,css,e786c130,Kalberhe,2025-10-10,19:08:33,-07:00,2025-10-10T19:08:33-07:00,0,52
style.css,140,css,e429fd97,Kalberhe,2025-10-10,17:40:53,-07:00,2025-10-10T17:40:53-07:00,0,19
style.css,141,css,e786c130,Kalberhe,2025-10-10,19:08:33,-07:00,2025-10-10T19:08:33-07:00,0,51
style.css,142,css,e786c130,Kalberhe,2025-10-10,19:08:33,-07:00,2025-10-10T19:08:33-07:00,0,54
style.css,143,css,10822531,Kalberhe,2025-10-10,18:16:19,-07:00,2025-10-10T18:16:19-07:00,0,18
style.css,144,css,10822531,Kalberhe,2025-10-10,18:16:19,-07:00,2025-10-10T18:16:19-07:00,0,19
style.css,145,css,e786c130,Kalberhe,2025-10-10,19:08:33,-07:00,2025-10-10T19:08:33-07:00,0,54
style.css,146,css,10822531,Kalberhe,2025-10-10,18:16:19,-07:00,2025-10-10T18:16:19-07:00,0,11
style.css,147,css,10822531,Kalberhe,2025-10-10,18:16:19,-07:00,2025-10-10T18:16:19-07:00,0,29
style.css,148,css,bc925839,Kalberhe,2025-10-10,18:22:40,-07:00,2025-10-10T18:22:40-07:00,0,20
style.css,149,css,bc925839,Kalberhe,2025-10-10,18:22:40,-07:00,2025-10-10T18:22:40-07:00,0,15
style.css,150,css,10822531,Kalberhe,2025-10-10,18:16:19,-07:00,2025-10-10T18:16:19-07:00,0,0
style.css,151,css,bc925839,Kalberhe,2025-10-10,18:22:40,-07:00,2025-10-10T18:22:40-07:00,0,47
style.css,152,css,10822531,Kalberhe,2025-10-10,18:16:19,-07:00,2025-10-10T18:16:19-07:00,0,0
style.css,153,css,e786c130,Kalberhe,2025-10-10,19:08:33,-07:00,2025-10-10T19:08:33-07:00,0,45
style.css,154,css,10822531,Kalberhe,2025-10-10,18:16:19,-07:00,2025-10-10T18:16:19-07:00,0,24
style.css,155,css,bc925839,Kalberhe,2025-10-10,18:22:40,-07:00,2025-10-10T18:22:40-07:00,0,27
style.css,156,css,10822531,Kalberhe,2025-10-10,18:16:19,-07:00,2025-10-10T18:16:19-07:00,0,64
style.css,157,css,10822531,Kalberhe,2025-10-10,18:16:19,-07:00,2025-10-10T18:16:19-07:00,0,19
style.css,158,css,10822531,Kalberhe,2025-10-10,18:16:19,-07:00,2025-10-10T18:16:19-07:00,0,0
style.css,159,css,10822531,Kalberhe,2025-10-10,18:16:19,-07:00,2025-10-10T18:16:19-07:00,0,26
style.css,160,css,bc925839,Kalberhe,2025-10-10,18:22:40,-07:00,2025-10-10T18:22:40-07:00,0,53
style.css,161,css,10822531,Kalberhe,2025-10-10,18:16:19,-07:00,2025-10-10T18:16:19-07:00,0,0
style.css,162,css,bc925839,Kalberhe,2025-10-10,18:22:40,-07:00,2025-10-10T18:22:40-07:00,0,29
style.css,163,css,e429fd97,Kalberhe,2025-10-10,17:40:53,-07:00,2025-10-10T17:40:53-07:00,0,25
style.css,164,css,e429fd97,Kalberhe,2025-10-10,17:40:53,-07:00,2025-10-10T17:40:53-07:00,0,42
style.css,165,css,bc925839,Kalberhe,2025-10-10,18:22:40,-07:00,2025-10-10T18:22:40-07:00,0,59
style.css,166,css,e429fd97,Kalberhe,2025-10-10,17:40:53,-07:00,2025-10-10T17:40:53-07:00,0,18
style.css,167,css,e429fd97,Kalberhe,2025-10-10,17:40:53,-07:00,2025-10-10T17:40:53-07:00,0,21
style.css,168,css,e429fd97,Kalberhe,2025-10-10,17:40:53,-07:00,2025-10-10T17:40:53-07:00,0,19
style.css,169,css,bc925839,Kalberhe,2025-10-10,18:22:40,-07:00,2025-10-10T18:22:40-07:00,0,37
style.css,170,css,e429fd97,Kalberhe,2025-10-10,17:40:53,-07:00,2025-10-10T17:40:53-07:00,0,0
style.css,171,css,db1b3ad8,Kalberhe,2025-10-17,18:41:34,-07:00,2025-10-17T18:41:34-07:00,0,0
style.css,172,css,bc925839,Kalberhe,2025-10-10,18:22:40,-07:00,2025-10-10T18:22:40-07:00,0,35
style.css,173,css,e429fd97,Kalberhe,2025-10-10,17:40:53,-07:00,2025-10-10T17:40:53-07:00,0,9
style.css,174,css,e429fd97,Kalberhe,2025-10-10,17:40:53,-07:00,2025-10-10T17:40:53-07:00,0,13
style.css,175,css,e429fd97,Kalberhe,2025-10-10,17:40:53,-07:00,2025-10-10T17:40:53-07:00,0,59
style.css,176,css,e429fd97,Kalberhe,2025-10-10,17:40:53,-07:00,2025-10-10T17:40:53-07:00,0,9
style.css,177,css,e429fd97,Kalberhe,2025-10-10,17:40:53,-07:00,2025-10-10T17:40:53-07:00,0,23
style.css,178,css,e429fd97,Kalberhe,2025-10-10,17:40:53,-07:00,2025-10-10T17:40:53-07:00,0,0
style.css,179,css,bc925839,Kalberhe,2025-10-10,18:22:40,-07:00,2025-10-10T18:22:40-07:00,0,0
style.css,180,css,e429fd97,Kalberhe,2025-10-10,17:40:53,-07:00,2025-10-10T17:40:53-07:00,0,5
style.css,181,css,10822531,Kalberhe,2025-10-10,18:16:19,-07:00,2025-10-10T18:16:19-07:00,0,13
style.css,182,css,bc925839,Kalberhe,2025-10-10,18:22:40,-07:00,2025-10-10T18:22:40-07:00,0,73
style.css,183,css,e429fd97,Kalberhe,2025-10-10,17:40:53,-07:00,2025-10-10T17:40:53-07:00,0,10
style.css,184,css,e429fd97,Kalberhe,2025-10-10,17:40:53,-07:00,2025-10-10T17:40:53-07:00,0,13
style.css,185,css,e429fd97,Kalberhe,2025-10-10,17:40:53,-07:00,2025-10-10T17:40:53-07:00,0,23
style.css,186,css,e429fd97,Kalberhe,2025-10-10,17:40:53,-07:00,2025-10-10T17:40:53-07:00,0,29
style.css,187,css,e429fd97,Kalberhe,2025-10-10,17:40:53,-07:00,2025-10-10T17:40:53-07:00,0,21
style.css,188,css,e429fd97,Kalberhe,2025-10-10,17:40:53,-07:00,2025-10-10T17:40:53-07:00,0,0
style.css,189,css,bc925839,Kalberhe,2025-10-10,18:22:40,-07:00,2025-10-10T18:22:40-07:00,0,0
style.css,190,css,10822531,Kalberhe,2025-10-10,18:16:19,-07:00,2025-10-10T18:16:19-07:00,0,49
style.css,191,css,bc925839,Kalberhe,2025-10-10,18:22:40,-07:00,2025-10-10T18:22:40-07:00,0,54
style.css,192,css,10822531,Kalberhe,2025-10-10,18:16:19,-07:00,2025-10-10T18:16:19-07:00,0,58
style.css,193,css,10822531,Kalberhe,2025-10-10,18:16:19,-07:00,2025-10-10T18:16:19-07:00,0,0
style.css,194,css,bc925839,Kalberhe,2025-10-10,18:22:40,-07:00,2025-10-10T18:22:40-07:00,0,36
style.css,195,css,e429fd97,Kalberhe,2025-10-10,17:40:53,-07:00,2025-10-10T17:40:53-07:00,0,33
style.css,196,css,e429fd97,Kalberhe,2025-10-10,17:40:53,-07:00,2025-10-10T17:40:53-07:00,0,47
style.css,197,css,e429fd97,Kalberhe,2025-10-10,17:40:53,-07:00,2025-10-10T17:40:53-07:00,0,12
style.css,198,css,e429fd97,Kalberhe,2025-10-10,17:40:53,-07:00,2025-10-10T17:40:53-07:00,0,18
style.css,199,css,e429fd97,Kalberhe,2025-10-10,17:40:53,-07:00,2025-10-10T17:40:53-07:00,0,33
style.css,200,css,e429fd97,Kalberhe,2025-10-10,17:40:53,-07:00,2025-10-10T17:40:53-07:00,0,19
style.css,201,css,e429fd97,Kalberhe,2025-10-10,17:40:53,-07:00,2025-10-10T17:40:53-07:00,0,0
style.css,202,css,e429fd97,Kalberhe,2025-10-10,17:40:53,-07:00,2025-10-10T17:40:53-07:00,0,10
style.css,203,css,e429fd97,Kalberhe,2025-10-10,17:40:53,-07:00,2025-10-10T17:40:53-07:00,0,21
style.css,204,css,e429fd97,Kalberhe,2025-10-10,17:40:53,-07:00,2025-10-10T17:40:53-07:00,0,17
style.css,205,css,e429fd97,Kalberhe,2025-10-10,17:40:53,-07:00,2025-10-10T17:40:53-07:00,0,21
style.css,206,css,e429fd97,Kalberhe,2025-10-10,17:40:53,-07:00,2025-10-10T17:40:53-07:00,0,31
style.css,207,css,e429fd97,Kalberhe,2025-10-10,17:40:53,-07:00,2025-10-10T17:40:53-07:00,0,20
style.css,208,css,e429fd97,Kalberhe,2025-10-10,17:40:53,-07:00,2025-10-10T17:40:53-07:00,0,20
style.css,209,css,e429fd97,Kalberhe,2025-10-10,17:40:53,-07:00,2025-10-10T17:40:53-07:00,0,21
style.css,210,css,e429fd97,Kalberhe,2025-10-10,17:40:53,-07:00,2025-10-10T17:40:53-07:00,0,0
style.css,211,css,bc925839,Kalberhe,2025-10-10,18:22:40,-07:00,2025-10-10T18:22:40-07:00,0,63
style.css,212,css,35bc2d2f,Kalberhe,2025-10-10,19:23:14,-07:00,2025-10-10T19:23:14-07:00,0,10
style.css,213,css,35bc2d2f,Kalberhe,2025-10-10,19:23:14,-07:00,2025-10-10T19:23:14-07:00,0,11
style.css,214,css,35bc2d2f,Kalberhe,2025-10-10,19:23:14,-07:00,2025-10-10T19:23:14-07:00,0,13
style.css,215,css,35bc2d2f,Kalberhe,2025-10-10,19:23:14,-07:00,2025-10-10T19:23:14-07:00,0,17
style.css,216,css,35bc2d2f,Kalberhe,2025-10-10,19:23:14,-07:00,2025-10-10T19:23:14-07:00,0,21
style.css,217,css,35bc2d2f,Kalberhe,2025-10-10,19:23:14,-07:00,2025-10-10T19:23:14-07:00,0,41
style.css,218,css,35bc2d2f,Kalberhe,2025-10-10,19:23:14,-07:00,2025-10-10T19:23:14-07:00,0,0
style.css,219,css,db1b3ad8,Kalberhe,2025-10-17,18:41:34,-07:00,2025-10-17T18:41:34-07:00,0,0
style.css,220,css,db1b3ad8,Kalberhe,2025-10-17,18:41:34,-07:00,2025-10-17T18:41:34-07:00,0,38
style.css,221,css,7e85c10b,Kalberhe,2025-10-17,17:57:06,-07:00,2025-10-17T17:57:06-07:00,0,33
style.css,222,css,7e85c10b,Kalberhe,2025-10-17,17:57:06,-07:00,2025-10-17T17:57:06-07:00,0,0
style.css,223,css,db1b3ad8,Kalberhe,2025-10-17,18:41:34,-07:00,2025-10-17T18:41:34-07:00,0,28
style.css,224,css,7e85c10b,Kalberhe,2025-10-17,17:57:06,-07:00,2025-10-17T17:57:06-07:00,0,4
style.css,225,css,db1b3ad8,Kalberhe,2025-10-17,18:41:34,-07:00,2025-10-17T18:41:34-07:00,0,40
style.css,226,css,7e85c10b,Kalberhe,2025-10-17,17:57:06,-07:00,2025-10-17T17:57:06-07:00,0,44
style.css,227,css,7e85c10b,Kalberhe,2025-10-17,17:57:06,-07:00,2025-10-17T17:57:06-07:00,0,0
style.css,228,css,7e85c10b,Kalberhe,2025-10-17,17:57:06,-07:00,2025-10-17T17:57:06-07:00,0,0
style.css,229,css,db1b3ad8,Kalberhe,2025-10-17,18:41:34,-07:00,2025-10-17T18:41:34-07:00,0,23
style.css,230,css,7e85c10b,Kalberhe,2025-10-17,17:57:06,-07:00,2025-10-17T17:57:06-07:00,0,11
style.css,231,css,7e85c10b,Kalberhe,2025-10-17,17:57:06,-07:00,2025-10-17T17:57:06-07:00,0,64
style.css,232,css,7e85c10b,Kalberhe,2025-10-17,17:57:06,-07:00,2025-10-17T17:57:06-07:00,0,0
style.css,233,css,db1b3ad8,Kalberhe,2025-10-17,18:41:34,-07:00,2025-10-17T18:41:34-07:00,0,0
style.css,234,css,db1b3ad8,Kalberhe,2025-10-17,18:41:34,-07:00,2025-10-17T18:41:34-07:00,0,29
style.css,235,css,db1b3ad8,Kalberhe,2025-10-17,18:41:34,-07:00,2025-10-17T18:41:34-07:00,0,6
style.css,236,css,ce4fd841,Kalberhe,2025-10-17,18:18:40,-07:00,2025-10-17T18:18:40-07:00,0,13
style.css,237,css,ce4fd841,Kalberhe,2025-10-17,18:18:40,-07:00,2025-10-17T18:18:40-07:00,0,11
style.css,238,css,ce4fd841,Kalberhe,2025-10-17,18:18:40,-07:00,2025-10-17T18:18:40-07:00,0,13
style.css,239,css,ce4fd841,Kalberhe,2025-10-17,18:18:40,-07:00,2025-10-17T18:18:40-07:00,0,15
style.css,240,css,ce4fd841,Kalberhe,2025-10-17,18:18:40,-07:00,2025-10-17T18:18:40-07:00,0,15
style.css,241,css,ce4fd841,Kalberhe,2025-10-17,18:18:40,-07:00,2025-10-17T18:18:40-07:00,0,17
style.css,242,css,ce4fd841,Kalberhe,2025-10-17,18:18:40,-07:00,2025-10-17T18:18:40-07:00,0,20
style.css,243,css,ce4fd841,Kalberhe,2025-10-17,18:18:40,-07:00,2025-10-17T18:18:40-07:00,0,0
style.css,244,css,ce4fd841,Kalberhe,2025-10-17,18:18:40,-07:00,2025-10-17T18:18:40-07:00,0,0
style.css,245,css,db1b3ad8,Kalberhe,2025-10-17,18:41:34,-07:00,2025-10-17T18:41:34-07:00,0,25
style.css,246,css,ce4fd841,Kalberhe,2025-10-17,18:18:40,-07:00,2025-10-17T18:18:40-07:00,0,13
style.css,247,css,ce4fd841,Kalberhe,2025-10-17,18:18:40,-07:00,2025-10-17T18:18:40-07:00,0,14
style.css,248,css,ce4fd841,Kalberhe,2025-10-17,18:18:40,-07:00,2025-10-17T18:18:40-07:00,0,16
style.css,249,css,ce4fd841,Kalberhe,2025-10-17,18:18:40,-07:00,2025-10-17T18:18:40-07:00,0,15
style.css,250,css,ce4fd841,Kalberhe,2025-10-17,18:18:40,-07:00,2025-10-17T18:18:40-07:00,0,15
style.css,251,css,ce4fd841,Kalberhe,2025-10-17,18:18:40,-07:00,2025-10-17T18:18:40-07:00,0,17
style.css,252,css,ce4fd841,Kalberhe,2025-10-17,18:18:40,-07:00,2025-10-17T18:18:40-07:00,0,20
style.css,253,css,ce4fd841,Kalberhe,2025-10-17,18:18:40,-07:00,2025-10-17T18:18:40-07:00,0,0
style.css,254,css,ce4fd841,Kalberhe,2025-10-17,18:18:40,-07:00,2025-10-17T18:18:40-07:00,0,0
style.css,255,css,db1b3ad8,Kalberhe,2025-10-17,18:41:34,-07:00,2025-10-17T18:41:34-07:00,0,21
style.css,256,css,db1b3ad8,Kalberhe,2025-10-17,18:41:34,-07:00,2025-10-17T18:41:34-07:00,0,36
style.css,257,css,db1b3ad8,Kalberhe,2025-10-17,18:41:34,-07:00,2025-10-17T18:41:34-07:00,0,25
style.css,258,css,ce4fd841,Kalberhe,2025-10-17,18:18:40,-07:00,2025-10-17T18:18:40-07:00,0,13
style.css,259,css,ce4fd841,Kalberhe,2025-10-17,18:18:40,-07:00,2025-10-17T18:18:40-07:00,0,14
style.css,260,css,ce4fd841,Kalberhe,2025-10-17,18:18:40,-07:00,2025-10-17T18:18:40-07:00,0,16
style.css,261,css,ce4fd841,Kalberhe,2025-10-17,18:18:40,-07:00,2025-10-17T18:18:40-07:00,0,15
style.css,262,css,ce4fd841,Kalberhe,2025-10-17,18:18:40,-07:00,2025-10-17T18:18:40-07:00,0,15
style.css,263,css,ce4fd841,Kalberhe,2025-10-17,18:18:40,-07:00,2025-10-17T18:18:40-07:00,0,17
style.css,264,css,ce4fd841,Kalberhe,2025-10-17,18:18:40,-07:00,2025-10-17T18:18:40-07:00,0,20
style.css,265,css,ce4fd841,Kalberhe,2025-10-17,18:18:40,-07:00,2025-10-17T18:18:40-07:00,0,0
style.css,266,css,ce4fd841,Kalberhe,2025-10-17,18:18:40,-07:00,2025-10-17T18:18:40-07:00,0,0
style.css,267,css,ce4fd841,Kalberhe,2025-10-17,18:18:40,-07:00,2025-10-17T18:18:40-07:00,0,0
style.css,268,css,db1b3ad8,Kalberhe,2025-10-17,18:41:34,-07:00,2025-10-17T18:41:34-07:00,0,5
style.css,269,css,db1b3ad8,Kalberhe,2025-10-17,18:41:34,-07:00,2025-10-17T18:41:34-07:00,0,21
style.css,270,css,db1b3ad8,Kalberhe,2025-10-17,18:41:34,-07:00,2025-10-17T18:41:34-07:00,0,17
style.css,271,css,a2f99496,Kalberhe,2025-10-17,18:29:03,-07:00,2025-10-17T18:29:03-07:00,0,0
style.css,272,css,560051f7,Kalberhe,2025-10-25,14:09:46,-07:00,2025-10-25T14:09:46-07:00,0,0
style.css,273,css,560051f7,Kalberhe,2025-10-25,14:09:46,-07:00,2025-10-25T14:09:46-07:00,0,51
style.css,274,css,560051f7,Kalberhe,2025-10-25,14:09:46,-07:00,2025-10-25T14:09:46-07:00,0,19
style.css,275,css,560051f7,Kalberhe,2025-10-25,14:09:46,-07:00,2025-10-25T14:09:46-07:00,0,15
style.css,276,css,560051f7,Kalberhe,2025-10-25,14:09:46,-07:00,2025-10-25T14:09:46-07:00,0,26
style.css,277,css,560051f7,Kalberhe,2025-10-25,14:09:46,-07:00,2025-10-25T14:09:46-07:00,0,17
style.css,278,css,560051f7,Kalberhe,2025-10-25,14:09:46,-07:00,2025-10-25T14:09:46-07:00,0,0
style.css,279,css,560051f7,Kalberhe,2025-10-25,14:09:46,-07:00,2025-10-25T14:09:46-07:00,0,10
style.css,280,css,560051f7,Kalberhe,2025-10-25,14:09:46,-07:00,2025-10-25T14:09:46-07:00,0,13
style.css,281,css,560051f7,Kalberhe,2025-10-25,14:09:46,-07:00,2025-10-25T14:09:46-07:00,0,12
style.css,282,css,560051f7,Kalberhe,2025-10-25,14:09:46,-07:00,2025-10-25T14:09:46-07:00,0,19
style.css,283,css,560051f7,Kalberhe,2025-10-25,14:09:46,-07:00,2025-10-25T14:09:46-07:00,0,15
style.css,284,css,560051f7,Kalberhe,2025-10-25,14:09:46,-07:00,2025-10-25T14:09:46-07:00,0,0
style.css,285,css,560051f7,Kalberhe,2025-10-25,14:09:46,-07:00,2025-10-25T14:09:46-07:00,0,8
style.css,286,css,560051f7,Kalberhe,2025-10-25,14:09:46,-07:00,2025-10-25T14:09:46-07:00,0,13
style.css,287,css,560051f7,Kalberhe,2025-10-25,14:09:46,-07:00,2025-10-25T14:09:46-07:00,0,58
style.css,288,css,560051f7,Kalberhe,2025-10-25,14:09:46,-07:00,2025-10-25T14:09:46-07:00,0,15
style.css,289,css,560051f7,Kalberhe,2025-10-25,14:09:46,-07:00,2025-10-25T14:09:46-07:00,0,16
style.css,290,css,560051f7,Kalberhe,2025-10-25,14:09:46,-07:00,2025-10-25T14:09:46-07:00,0,15
style.css,291,css,560051f7,Kalberhe,2025-10-25,14:09:46,-07:00,2025-10-25T14:09:46-07:00,0,9
style.css,292,css,560051f7,Kalberhe,2025-10-25,14:09:46,-07:00,2025-10-25T14:09:46-07:00,0,38
style.css,293,css,560051f7,Kalberhe,2025-10-25,14:09:46,-07:00,2025-10-25T14:09:46-07:00,0,19
style.css,294,css,560051f7,Kalberhe,2025-10-25,14:09:46,-07:00,2025-10-25T14:09:46-07:00,0,0
style.css,295,css,560051f7,Kalberhe,2025-10-25,14:09:46,-07:00,2025-10-25T14:09:46-07:00,0,11
style.css,296,css,560051f7,Kalberhe,2025-10-25,14:09:46,-07:00,2025-10-25T14:09:46-07:00,0,13
style.css,297,css,560051f7,Kalberhe,2025-10-25,14:09:46,-07:00,2025-10-25T14:09:46-07:00,0,13
style.css,298,css,560051f7,Kalberhe,2025-10-25,14:09:46,-07:00,2025-10-25T14:09:46-07:00,0,19
style.css,299,css,560051f7,Kalberhe,2025-10-25,14:09:46,-07:00,2025-10-25T14:09:46-07:00,0,10
style.css,300,css,560051f7,Kalberhe,2025-10-25,14:09:46,-07:00,2025-10-25T14:09:46-07:00,0,21
style.css,301,css,560051f7,Kalberhe,2025-10-25,14:09:46,-07:00,2025-10-25T14:09:46-07:00,0,19
style.css,302,css,560051f7,Kalberhe,2025-10-25,14:09:46,-07:00,2025-10-25T14:09:46-07:00,0,60
style.css,303,css,560051f7,Kalberhe,2025-10-25,14:09:46,-07:00,2025-10-25T14:09:46-07:00,0,0
style.css,304,css,560051f7,Kalberhe,2025-10-25,14:09:46,-07:00,2025-10-25T14:09:46-07:00,0,19
style.css,305,css,560051f7,Kalberhe,2025-10-25,14:09:46,-07:00,2025-10-25T14:09:46-07:00,0,45
style.css,306,css,560051f7,Kalberhe,2025-10-25,14:09:46,-07:00,2025-10-25T14:09:46-07:00,0,24
style.css,307,css,560051f7,Kalberhe,2025-10-25,14:09:46,-07:00,2025-10-25T14:09:46-07:00,0,21
style.css,308,css,560051f7,Kalberhe,2025-10-25,14:09:46,-07:00,2025-10-25T14:09:46-07:00,0,33
style.css,309,css,560051f7,Kalberhe,2025-10-25,14:09:46,-07:00,2025-10-25T14:09:46-07:00,0,0
style.css,310,css,560051f7,Kalberhe,2025-10-25,14:09:46,-07:00,2025-10-25T14:09:46-07:00,0,49
style.css,311,css,560051f7,Kalberhe,2025-10-25,14:09:46,-07:00,2025-10-25T14:09:46-07:00,0,0
style.css,312,css,560051f7,Kalberhe,2025-10-25,14:09:46,-07:00,2025-10-25T14:09:46-07:00,0,31
style.css,313,css,e3291efe,Kalberhe,2025-10-25,15:10:04,-07:00,2025-10-25T15:10:04-07:00,0,63
style.css,314,css,e3291efe,Kalberhe,2025-10-25,15:10:04,-07:00,2025-10-25T15:10:04-07:00,0,68
style.css,315,css,e3291efe,Kalberhe,2025-10-25,15:10:04,-07:00,2025-10-25T15:10:04-07:00,0,0
style.css,316,css,560051f7,Kalberhe,2025-10-25,14:09:46,-07:00,2025-10-25T14:09:46-07:00,0,0
style.css,317,css,560051f7,Kalberhe,2025-10-25,14:09:46,-07:00,2025-10-25T14:09:46-07:00,0,30
style.css,318,css,560051f7,Kalberhe,2025-10-25,14:09:46,-07:00,2025-10-25T14:09:46-07:00,0,10
style.css,319,css,560051f7,Kalberhe,2025-10-25,14:09:46,-07:00,2025-10-25T14:09:46-07:00,0,37
style.css,320,css,560051f7,Kalberhe,2025-10-25,14:09:46,-07:00,2025-10-25T14:09:46-07:00,0,0
style.css,321,css,560051f7,Kalberhe,2025-10-25,14:09:46,-07:00,2025-10-25T14:09:46-07:00,0,41
style.css,322,css,560051f7,Kalberhe,2025-10-25,14:09:46,-07:00,2025-10-25T14:09:46-07:00,0,0
style.css,323,css,560051f7,Kalberhe,2025-10-25,14:09:46,-07:00,2025-10-25T14:09:46-07:00,0,43
style.css,324,css,560051f7,Kalberhe,2025-10-25,14:09:46,-07:00,2025-10-25T14:09:46-07:00,0,15
style.css,325,css,560051f7,Kalberhe,2025-10-25,14:09:46,-07:00,2025-10-25T14:09:46-07:00,0,48
style.css,326,css,560051f7,Kalberhe,2025-10-25,14:09:46,-07:00,2025-10-25T14:09:46-07:00,0,18
style.css,327,css,560051f7,Kalberhe,2025-10-25,14:09:46,-07:00,2025-10-25T14:09:46-07:00,0,0
style.css,328,css,560051f7,Kalberhe,2025-10-25,14:09:46,-07:00,2025-10-25T14:09:46-07:00,0,11
style.css,329,css,560051f7,Kalberhe,2025-10-25,14:09:46,-07:00,2025-10-25T14:09:46-07:00,0,44
style.css,330,css,560051f7,Kalberhe,2025-10-25,14:09:46,-07:00,2025-10-25T14:09:46-07:00,0,68
style.css,331,css,560051f7,Kalberhe,2025-10-25,14:09:46,-07:00,2025-10-25T14:09:46-07:00,0,0
style.css,332,css,a9e5ceae,Kalberhe,2025-10-25,15:54:11,-07:00,2025-10-25T15:54:11-07:00,0,49
style.css,333,css,a9e5ceae,Kalberhe,2025-10-25,15:54:11,-07:00,2025-10-25T15:54:11-07:00,0,19
style.css,334,css,a9e5ceae,Kalberhe,2025-10-25,15:54:11,-07:00,2025-10-25T15:54:11-07:00,0,70
style.css,335,css,a9e5ceae,Kalberhe,2025-10-25,15:54:11,-07:00,2025-10-25T15:54:11-07:00,0,24
style.css,336,css,a9e5ceae,Kalberhe,2025-10-25,15:54:11,-07:00,2025-10-25T15:54:11-07:00,0,30
style.css,337,css,a9e5ceae,Kalberhe,2025-10-25,15:54:11,-07:00,2025-10-25T15:54:11-07:00,0,31
style.css,338,css,a9e5ceae,Kalberhe,2025-10-25,15:54:11,-07:00,2025-10-25T15:54:11-07:00,0,20
style.css,339,css,a9e5ceae,Kalberhe,2025-10-25,15:54:11,-07:00,2025-10-25T15:54:11-07:00,0,17
style.css,340,css,a9e5ceae,Kalberhe,2025-10-25,15:54:11,-07:00,2025-10-25T15:54:11-07:00,0,14
style.css,341,css,a9e5ceae,Kalberhe,2025-10-25,15:54:11,-07:00,2025-10-25T15:54:11-07:00,0,13
style.css,342,css,a9e5ceae,Kalberhe,2025-10-25,15:54:11,-07:00,2025-10-25T15:54:11-07:00,0,0
style.css,343,css,a9e5ceae,Kalberhe,2025-10-25,15:54:11,-07:00,2025-10-25T15:54:11-07:00,0,0
style.css,344,css,a9e5ceae,Kalberhe,2025-10-25,15:54:11,-07:00,2025-10-25T15:54:11-07:00,0,54
style.css,345,css,a9e5ceae,Kalberhe,2025-10-25,15:54:11,-07:00,2025-10-25T15:54:11-07:00,0,15
style.css,346,css,a9e5ceae,Kalberhe,2025-10-25,15:54:11,-07:00,2025-10-25T15:54:11-07:00,0,10
style.css,347,css,a9e5ceae,Kalberhe,2025-10-25,15:54:11,-07:00,2025-10-25T15:54:11-07:00,0,9
style.css,348,css,a9e5ceae,Kalberhe,2025-10-25,15:54:11,-07:00,2025-10-25T15:54:11-07:00,0,10
style.css,349,css,a9e5ceae,Kalberhe,2025-10-25,15:54:11,-07:00,2025-10-25T15:54:11-07:00,0,19
style.css,350,css,a9e5ceae,Kalberhe,2025-10-25,15:54:11,-07:00,2025-10-25T15:54:11-07:00,0,26
style.css,351,css,a9e5ceae,Kalberhe,2025-10-25,15:54:11,-07:00,2025-10-25T15:54:11-07:00,0,22
style.css,352,css,a9e5ceae,Kalberhe,2025-10-25,15:54:11,-07:00,2025-10-25T15:54:11-07:00,0,27
style.css,353,css,a9e5ceae,Kalberhe,2025-10-25,15:54:11,-07:00,2025-10-25T15:54:11-07:00,0,0
style.css,354,css,a9e5ceae,Kalberhe,2025-10-25,15:54:11,-07:00,2025-10-25T15:54:11-07:00,0,0
style.css,355,css,a9e5ceae,Kalberhe,2025-10-25,15:54:11,-07:00,2025-10-25T15:54:11-07:00,0,28
style.css,356,css,a9e5ceae,Kalberhe,2025-10-25,15:54:11,-07:00,2025-10-25T15:54:11-07:00,0,73
style.css,357,css,a9e5ceae,Kalberhe,2025-10-25,15:54:11,-07:00,2025-10-25T15:54:11-07:00,0,45
style.css,358,css,a9e5ceae,Kalberhe,2025-10-25,15:54:11,-07:00,2025-10-25T15:54:11-07:00,0,0
style.css,359,css,a9e5ceae,Kalberhe,2025-10-25,15:54:11,-07:00,2025-10-25T15:54:11-07:00,0,25
style.css,360,css,a9e5ceae,Kalberhe,2025-10-25,15:54:11,-07:00,2025-10-25T15:54:11-07:00,0,85
style.css,361,css,a9e5ceae,Kalberhe,2025-10-25,15:54:11,-07:00,2025-10-25T15:54:11-07:00,0,79
style.css,362,css,a9e5ceae,Kalberhe,2025-10-25,15:54:11,-07:00,2025-10-25T15:54:11-07:00,0,0
style.css,363,css,a9e5ceae,Kalberhe,2025-10-25,15:54:11,-07:00,2025-10-25T15:54:11-07:00,0,8
style.css,364,css,a9e5ceae,Kalberhe,2025-10-25,15:54:11,-07:00,2025-10-25T15:54:11-07:00,0,73
style.css,365,css,a9e5ceae,Kalberhe,2025-10-25,15:54:11,-07:00,2025-10-25T15:54:11-07:00,0,61
style.css,366,css,a9e5ceae,Kalberhe,2025-10-25,15:54:11,-07:00,2025-10-25T15:54:11-07:00,0,59
style.css,367,css,a9e5ceae,Kalberhe,2025-10-25,15:54:11,-07:00,2025-10-25T15:54:11-07:00,0,0
style.css,368,css,191e71e1,Kalberhe,2025-10-25,18:18:07,-07:00,2025-10-25T18:18:07-07:00,0,46
style.css,369,css,191e71e1,Kalberhe,2025-10-25,18:18:07,-07:00,2025-10-25T18:18:07-07:00,0,50
style.css,370,css,191e71e1,Kalberhe,2025-10-25,18:18:07,-07:00,2025-10-25T18:18:07-07:00,0,63
style.css,371,css,191e71e1,Kalberhe,2025-10-25,18:18:07,-07:00,2025-10-25T18:18:07-07:00,0,51
style.css,372,css,191e71e1,Kalberhe,2025-10-25,18:18:07,-07:00,2025-10-25T18:18:07-07:00,0,63
style.css,373,css,a9e5ceae,Kalberhe,2025-10-25,15:54:11,-07:00,2025-10-25T15:54:11-07:00,0,0
style.css,374,css,d6a8b52a,Kalberhe,2025-10-25,17:09:13,-07:00,2025-10-25T17:09:13-07:00,0,16
style.css,375,css,d6a8b52a,Kalberhe,2025-10-25,17:09:13,-07:00,2025-10-25T17:09:13-07:00,0,69
style.css,376,css,d6a8b52a,Kalberhe,2025-10-25,17:09:13,-07:00,2025-10-25T17:09:13-07:00,0,68
style.css,377,css,d6a8b52a,Kalberhe,2025-10-25,17:09:13,-07:00,2025-10-25T17:09:13-07:00,0,56
style.css,378,css,d6a8b52a,Kalberhe,2025-10-25,17:09:13,-07:00,2025-10-25T17:09:13-07:00,0,0
style.css,379,css,d6a8b52a,Kalberhe,2025-10-25,17:09:13,-07:00,2025-10-25T17:09:13-07:00,0,0
style.css,380,css,560051f7,Kalberhe,2025-10-25,14:09:46,-07:00,2025-10-25T14:09:46-07:00,0,0
index.js,1,js,f92b3e4a,Kalberhe,2025-10-25,12:19:31,-07:00,2025-10-25T12:19:31-07:00,0,10
index.js,2,js,5cca0aa1,Kalberhe,2025-10-25,12:53:53,-07:00,2025-10-25T12:53:53-07:00,0,76
index.js,3,js,f92b3e4a,Kalberhe,2025-10-25,12:19:31,-07:00,2025-10-25T12:19:31-07:00,0,0
index.js,4,js,f92b3e4a,Kalberhe,2025-10-25,12:19:31,-07:00,2025-10-25T12:19:31-07:00,0,22
index.js,5,js,5cca0aa1,Kalberhe,2025-10-25,12:53:53,-07:00,2025-10-25T12:53:53-07:00,0,0
index.js,6,js,f92b3e4a,Kalberhe,2025-10-25,12:19:31,-07:00,2025-10-25T12:19:31-07:00,0,50
index.js,7,js,f92b3e4a,Kalberhe,2025-10-25,12:19:31,-07:00,2025-10-25T12:19:31-07:00,0,45
index.js,8,js,f92b3e4a,Kalberhe,2025-10-25,12:19:31,-07:00,2025-10-25T12:19:31-07:00,0,11
index.js,9,js,5cca0aa1,Kalberhe,2025-10-25,12:53:53,-07:00,2025-10-25T12:53:53-07:00,0,0
index.js,10,js,f92b3e4a,Kalberhe,2025-10-25,12:19:31,-07:00,2025-10-25T12:19:31-07:00,0,96
index.js,11,js,f92b3e4a,Kalberhe,2025-10-25,12:19:31,-07:00,2025-10-25T12:19:31-07:00,0,0
index.js,12,js,f92b3e4a,Kalberhe,2025-10-25,12:19:31,-07:00,2025-10-25T12:19:31-07:00,0,57
index.js,13,js,f92b3e4a,Kalberhe,2025-10-25,12:19:31,-07:00,2025-10-25T12:19:31-07:00,0,62
index.js,14,js,f92b3e4a,Kalberhe,2025-10-25,12:19:31,-07:00,2025-10-25T12:19:31-07:00,0,0
index.js,15,js,5cca0aa1,Kalberhe,2025-10-25,12:53:53,-07:00,2025-10-25T12:53:53-07:00,0,0
index.js,16,js,f92b3e4a,Kalberhe,2025-10-25,12:19:31,-07:00,2025-10-25T12:19:31-07:00,0,37
index.js,17,js,f92b3e4a,Kalberhe,2025-10-25,12:19:31,-07:00,2025-10-25T12:19:31-07:00,0,52
index.js,18,js,f92b3e4a,Kalberhe,2025-10-25,12:19:31,-07:00,2025-10-25T12:19:31-07:00,0,18
index.js,19,js,f92b3e4a,Kalberhe,2025-10-25,12:19:31,-07:00,2025-10-25T12:19:31-07:00,0,16
index.js,20,js,f92b3e4a,Kalberhe,2025-10-25,12:19:31,-07:00,2025-10-25T12:19:31-07:00,0,23
index.js,21,js,f92b3e4a,Kalberhe,2025-10-25,12:19:31,-07:00,2025-10-25T12:19:31-07:00,0,19
index.js,22,js,f92b3e4a,Kalberhe,2025-10-25,12:19:31,-07:00,2025-10-25T12:19:31-07:00,0,43
index.js,23,js,f92b3e4a,Kalberhe,2025-10-25,12:19:31,-07:00,2025-10-25T12:19:31-07:00,0,43
index.js,24,js,f92b3e4a,Kalberhe,2025-10-25,12:19:31,-07:00,2025-10-25T12:19:31-07:00,0,44
index.js,25,js,f92b3e4a,Kalberhe,2025-10-25,12:19:31,-07:00,2025-10-25T12:19:31-07:00,0,44
index.js,26,js,f92b3e4a,Kalberhe,2025-10-25,12:19:31,-07:00,2025-10-25T12:19:31-07:00,0,4
index.js,27,js,f92b3e4a,Kalberhe,2025-10-25,12:19:31,-07:00,2025-10-25T12:19:31-07:00,0,1
index.js,28,js,f92b3e4a,Kalberhe,2025-10-25,12:19:31,-07:00,2025-10-25T12:19:31-07:00,0,0
index.js,29,js,f92b3e4a,Kalberhe,2025-10-25,12:19:31,-07:00,2025-10-25T12:19:31-07:00,0,0
index.js,30,js,f92b3e4a,Kalberhe,2025-10-25,12:19:31,-07:00,2025-10-25T12:19:31-07:00,0,64
index.js,31,js,f92b3e4a,Kalberhe,2025-10-25,12:19:31,-07:00,2025-10-25T12:19:31-07:00,0,0
index.js,32,js,f92b3e4a,Kalberhe,2025-10-25,12:19:31,-07:00,2025-10-25T12:19:31-07:00,0,6
index.html,1,html,f3f1546,Kalberhe,2025-10-03,09:11:09,-07:00,2025-10-03T09:11:09-07:00,0,14
index.html,2,html,f3f1546,Kalberhe,2025-10-03,09:11:09,-07:00,2025-10-03T09:11:09-07:00,0,15
index.html,3,html,f3f1546,Kalberhe,2025-10-03,09:11:09,-07:00,2025-10-03T09:11:09-07:00,0,5
index.html,4,html,f3f1546,Kalberhe,2025-10-03,09:11:09,-07:00,2025-10-03T09:11:09-07:00,0,23
index.html,5,html,f3f1546,Kalberhe,2025-10-03,09:11:09,-07:00,2025-10-03T09:11:09-07:00,0,68
index.html,6,html,f3f1546,Kalberhe,2025-10-03,09:11:09,-07:00,2025-10-03T09:11:09-07:00,0,41
index.html,7,html,f92b3e4a,Kalberhe,2025-10-25,12:19:31,-07:00,2025-10-25T12:19:31-07:00,0,0
index.html,8,html,f900ed5e,Kalberhe,2025-10-03,16:55:57,-07:00,2025-10-03T16:55:57-07:00,0,43
index.html,9,html,f92b3e4a,Kalberhe,2025-10-25,12:19:31,-07:00,2025-10-25T12:19:31-07:00,0,50
index.html,10,html,f3f1546,Kalberhe,2025-10-03,09:11:09,-07:00,2025-10-03T09:11:09-07:00,0,6
index.html,11,html,f92b3e4a,Kalberhe,2025-10-25,12:19:31,-07:00,2025-10-25T12:19:31-07:00,0,0
index.html,12,html,f3f1546,Kalberhe,2025-10-03,09:11:09,-07:00,2025-10-03T09:11:09-07:00,0,5
index.html,13,html,f3f1546,Kalberhe,2025-10-03,09:11:09,-07:00,2025-10-03T09:11:09-07:00,0,7
index.html,14,html,f3f1546,Kalberhe,2025-10-03,09:11:09,-07:00,2025-10-03T09:11:09-07:00,0,35
index.html,15,html,f900ed5e,Kalberhe,2025-10-03,16:55:57,-07:00,2025-10-03T16:55:57-07:00,0,40
index.html,16,html,f3f1546,Kalberhe,2025-10-03,09:11:09,-07:00,2025-10-03T09:11:09-07:00,0,8
index.html,17,html,b752cbe8,Kalberhe,2025-10-03,16:20:25,-07:00,2025-10-03T16:20:25-07:00,0,0
index.html,18,html,f3f1546,Kalberhe,2025-10-03,09:11:09,-07:00,2025-10-03T09:11:09-07:00,0,5
index.html,19,html,f3f1546,Kalberhe,2025-10-03,09:11:09,-07:00,2025-10-03T09:11:09-07:00,0,8
index.html,20,html,f900ed5e,Kalberhe,2025-10-03,16:55:57,-07:00,2025-10-03T16:55:57-07:00,0,16
index.html,21,html,f900ed5e,Kalberhe,2025-10-03,16:55:57,-07:00,2025-10-03T16:55:57-07:00,0,2
index.html,22,html,f900ed5e,Kalberhe,2025-10-03,16:55:57,-07:00,2025-10-03T16:55:57-07:00,0,88
index.html,23,html,f900ed5e,Kalberhe,2025-10-03,16:55:57,-07:00,2025-10-03T16:55:57-07:00,0,87
index.html,24,html,8efa1f9a,Kalberhe,2025-10-03,17:14:01,-07:00,2025-10-03T17:14:01-07:00,0,81
index.html,25,html,f900ed5e,Kalberhe,2025-10-03,16:55:57,-07:00,2025-10-03T16:55:57-07:00,0,80
index.html,26,html,f900ed5e,Kalberhe,2025-10-03,16:55:57,-07:00,2025-10-03T16:55:57-07:00,0,31
index.html,27,html,f900ed5e,Kalberhe,2025-10-03,16:55:57,-07:00,2025-10-03T16:55:57-07:00,0,3
index.html,28,html,f3f1546,Kalberhe,2025-10-03,09:11:09,-07:00,2025-10-03T09:11:09-07:00,0,9
index.html,29,html,f900ed5e,Kalberhe,2025-10-03,16:55:57,-07:00,2025-10-03T16:55:57-07:00,0,0
index.html,30,html,f900ed5e,Kalberhe,2025-10-03,16:55:57,-07:00,2025-10-03T16:55:57-07:00,0,119
index.html,31,html,f92b3e4a,Kalberhe,2025-10-25,12:19:31,-07:00,2025-10-25T12:19:31-07:00,0,0
index.html,32,html,f92b3e4a,Kalberhe,2025-10-25,12:19:31,-07:00,2025-10-25T12:19:31-07:00,0,8
index.html,33,html,f92b3e4a,Kalberhe,2025-10-25,12:19:31,-07:00,2025-10-25T12:19:31-07:00,0,23
index.html,34,html,f92b3e4a,Kalberhe,2025-10-25,12:19:31,-07:00,2025-10-25T12:19:31-07:00,0,27
index.html,35,html,f92b3e4a,Kalberhe,2025-10-25,12:19:31,-07:00,2025-10-25T12:19:31-07:00,0,9
index.html,36,html,f92b3e4a,Kalberhe,2025-10-25,12:19:31,-07:00,2025-10-25T12:19:31-07:00,0,0
index.html,37,html,f92b3e4a,Kalberhe,2025-10-25,12:19:31,-07:00,2025-10-25T12:19:31-07:00,0,56
index.html,38,html,f3f1546,Kalberhe,2025-10-03,09:11:09,-07:00,2025-10-03T09:11:09-07:00,0,6
index.html,39,html,f92b3e4a,Kalberhe,2025-10-25,12:19:31,-07:00,2025-10-25T12:19:31-07:00,0,0
index.html,40,html,f92b3e4a,Kalberhe,2025-10-25,12:19:31,-07:00,2025-10-25T12:19:31-07:00,0,45
index.html,41,html,f3f1546,Kalberhe,2025-10-03,09:11:09,-07:00,2025-10-03T09:11:09-07:00,0,6
index.html,42,html,f3f1546,Kalberhe,2025-10-03,09:11:09,-07:00,2025-10-03T09:11:09-07:00,0,6
global.js,1,js,ce4fd841,Kalberhe,2025-10-17,18:18:40,-07:00,2025-10-17T18:18:40-07:00,0,51
global.js,2,js,ce4fd841,Kalberhe,2025-10-17,18:18:40,-07:00,2025-10-17T18:18:40-07:00,0,26
global.js,3,js,ce4fd841,Kalberhe,2025-10-17,18:18:40,-07:00,2025-10-17T18:18:40-07:00,0,0
global.js,4,js,ce4fd841,Kalberhe,2025-10-17,18:18:40,-07:00,2025-10-17T18:18:40-07:00,0,45
global.js,5,js,ce4fd841,Kalberhe,2025-10-17,18:18:40,-07:00,2025-10-17T18:18:40-07:00,0,71
global.js,6,js,ce4fd841,Kalberhe,2025-10-17,18:18:40,-07:00,2025-10-17T18:18:40-07:00,0,41
global.js,7,js,ce4fd841,Kalberhe,2025-10-17,18:18:40,-07:00,2025-10-17T18:18:40-07:00,0,0
global.js,8,js,be721957,Kalberhe,2025-10-25,11:01:42,-07:00,2025-10-25T11:01:42-07:00,0,0
global.js,9,js,ce4fd841,Kalberhe,2025-10-17,18:18:40,-07:00,2025-10-17T18:18:40-07:00,0,14
global.js,10,js,ce4fd841,Kalberhe,2025-10-17,18:18:40,-07:00,2025-10-17T18:18:40-07:00,0,35
global.js,11,js,ce4fd841,Kalberhe,2025-10-17,18:18:40,-07:00,2025-10-17T18:18:40-07:00,0,39
global.js,12,js,ce4fd841,Kalberhe,2025-10-17,18:18:40,-07:00,2025-10-17T18:18:40-07:00,0,38
global.js,13,js,ce4fd841,Kalberhe,2025-10-17,18:18:40,-07:00,2025-10-17T18:18:40-07:00,0,37
global.js,14,js,ce4fd841,Kalberhe,2025-10-17,18:18:40,-07:00,2025-10-17T18:18:40-07:00,0,55
global.js,15,js,7e85c10b,Kalberhe,2025-10-17,17:57:06,-07:00,2025-10-17T17:57:06-07:00,0,1
global.js,16,js,7e85c10b,Kalberhe,2025-10-17,17:57:06,-07:00,2025-10-17T17:57:06-07:00,0,0
global.js,17,js,be721957,Kalberhe,2025-10-25,11:01:42,-07:00,2025-10-25T11:01:42-07:00,0,0
global.js,18,js,ce4fd841,Kalberhe,2025-10-17,18:18:40,-07:00,2025-10-17T18:18:40-07:00,0,41
global.js,19,js,ce4fd841,Kalberhe,2025-10-17,18:18:40,-07:00,2025-10-17T18:18:40-07:00,0,26
global.js,20,js,7e85c10b,Kalberhe,2025-10-17,17:57:06,-07:00,2025-10-17T17:57:06-07:00,0,0
global.js,21,js,ce4fd841,Kalberhe,2025-10-17,18:18:40,-07:00,2025-10-17T18:18:40-07:00,0,23
global.js,22,js,ce4fd841,Kalberhe,2025-10-17,18:18:40,-07:00,2025-10-17T18:18:40-07:00,0,60
global.js,23,js,ce4fd841,Kalberhe,2025-10-17,18:18:40,-07:00,2025-10-17T18:18:40-07:00,0,37
global.js,24,js,ce4fd841,Kalberhe,2025-10-17,18:18:40,-07:00,2025-10-17T18:18:40-07:00,0,13
global.js,25,js,ce4fd841,Kalberhe,2025-10-17,18:18:40,-07:00,2025-10-17T18:18:40-07:00,0,23
global.js,26,js,7e85c10b,Kalberhe,2025-10-17,17:57:06,-07:00,2025-10-17T17:57:06-07:00,0,0
global.js,27,js,be721957,Kalberhe,2025-10-25,11:01:42,-07:00,2025-10-25T11:01:42-07:00,0,0
global.js,28,js,be721957,Kalberhe,2025-10-25,11:01:42,-07:00,2025-10-25T11:01:42-07:00,0,30
global.js,29,js,be721957,Kalberhe,2025-10-25,11:01:42,-07:00,2025-10-25T11:01:42-07:00,0,19
global.js,30,js,be721957,Kalberhe,2025-10-25,11:01:42,-07:00,2025-10-25T11:01:42-07:00,0,18
global.js,31,js,be721957,Kalberhe,2025-10-25,11:01:42,-07:00,2025-10-25T11:01:42-07:00,0,0
global.js,32,js,7e85c10b,Kalberhe,2025-10-17,17:57:06,-07:00,2025-10-17T17:57:06-07:00,0,0
global.js,33,js,be721957,Kalberhe,2025-10-25,11:01:42,-07:00,2025-10-25T11:01:42-07:00,0,0
global.js,34,js,ce4fd841,Kalberhe,2025-10-17,18:18:40,-07:00,2025-10-17T18:18:40-07:00,0,61
global.js,35,js,ce4fd841,Kalberhe,2025-10-17,18:18:40,-07:00,2025-10-17T18:18:40-07:00,0,54
global.js,36,js,ce4fd841,Kalberhe,2025-10-17,18:18:40,-07:00,2025-10-17T18:18:40-07:00,0,81
global.js,37,js,7e85c10b,Kalberhe,2025-10-17,17:57:06,-07:00,2025-10-17T17:57:06-07:00,0,0
global.js,38,js,ce4fd841,Kalberhe,2025-10-17,18:18:40,-07:00,2025-10-17T18:18:40-07:00,0,13
global.js,39,js,ce4fd841,Kalberhe,2025-10-17,18:18:40,-07:00,2025-10-17T18:18:40-07:00,0,0
global.js,40,js,7e85c10b,Kalberhe,2025-10-17,17:57:06,-07:00,2025-10-17T17:57:06-07:00,0,0
global.js,41,js,be721957,Kalberhe,2025-10-25,11:01:42,-07:00,2025-10-25T11:01:42-07:00,0,0
global.js,42,js,ce4fd841,Kalberhe,2025-10-17,18:18:40,-07:00,2025-10-17T18:18:40-07:00,0,47
global.js,43,js,ce4fd841,Kalberhe,2025-10-17,18:18:40,-07:00,2025-10-17T18:18:40-07:00,0,68
global.js,44,js,ce4fd841,Kalberhe,2025-10-17,18:18:40,-07:00,2025-10-17T18:18:40-07:00,0,5
global.js,45,js,ce4fd841,Kalberhe,2025-10-17,18:18:40,-07:00,2025-10-17T18:18:40-07:00,0,18
global.js,46,js,ce4fd841,Kalberhe,2025-10-17,18:18:40,-07:00,2025-10-17T18:18:40-07:00,0,38
global.js,47,js,ce4fd841,Kalberhe,2025-10-17,18:18:40,-07:00,2025-10-17T18:18:40-07:00,0,35
global.js,48,js,ce4fd841,Kalberhe,2025-10-17,18:18:40,-07:00,2025-10-17T18:18:40-07:00,0,33
global.js,49,js,ce4fd841,Kalberhe,2025-10-17,18:18:40,-07:00,2025-10-17T18:18:40-07:00,0,8
global.js,50,js,ce4fd841,Kalberhe,2025-10-17,18:18:40,-07:00,2025-10-17T18:18:40-07:00,0,7
global.js,51,js,ce4fd841,Kalberhe,2025-10-17,18:18:40,-07:00,2025-10-17T18:18:40-07:00,0,2
global.js,52,js,ce4fd841,Kalberhe,2025-10-17,18:18:40,-07:00,2025-10-17T18:18:40-07:00,0,0
global.js,53,js,ce4fd841,Kalberhe,2025-10-17,18:18:40,-07:00,2025-10-17T18:18:40-07:00,0,47
global.js,54,js,ce4fd841,Kalberhe,2025-10-17,18:18:40,-07:00,2025-10-17T18:18:40-07:00,0,0
global.js,55,js,ce4fd841,Kalberhe,2025-10-17,18:18:40,-07:00,2025-10-17T18:18:40-07:00,0,25
global.js,56,js,ce4fd841,Kalberhe,2025-10-17,18:18:40,-07:00,2025-10-17T18:18:40-07:00,0,85
global.js,57,js,7e85c10b,Kalberhe,2025-10-17,17:57:06,-07:00,2025-10-17T17:57:06-07:00,0,0
global.js,58,js,7e85c10b,Kalberhe,2025-10-17,17:57:06,-07:00,2025-10-17T17:57:06-07:00,0,0
global.js,59,js,6abe52fc,Kalberhe,2025-10-17,18:10:46,-07:00,2025-10-17T18:10:46-07:00,0,26
global.js,60,js,ce4fd841,Kalberhe,2025-10-17,18:18:40,-07:00,2025-10-17T18:18:40-07:00,0,37
global.js,61,js,be721957,Kalberhe,2025-10-25,11:01:42,-07:00,2025-10-25T11:01:42-07:00,0,37
global.js,62,js,ce4fd841,Kalberhe,2025-10-17,18:18:40,-07:00,2025-10-17T18:18:40-07:00,0,39
global.js,63,js,ce4fd841,Kalberhe,2025-10-17,18:18:40,-07:00,2025-10-17T18:18:40-07:00,0,37
global.js,64,js,be721957,Kalberhe,2025-10-25,11:01:42,-07:00,2025-10-25T11:01:42-07:00,0,6
global.js,65,js,6abe52fc,Kalberhe,2025-10-17,18:10:46,-07:00,2025-10-17T18:10:46-07:00,0,0
global.js,66,js,6abe52fc,Kalberhe,2025-10-17,18:10:46,-07:00,2025-10-17T18:10:46-07:00,0,0
global.js,67,js,be721957,Kalberhe,2025-10-25,11:01:42,-07:00,2025-10-25T11:01:42-07:00,0,0
global.js,68,js,ce4fd841,Kalberhe,2025-10-17,18:18:40,-07:00,2025-10-17T18:18:40-07:00,0,59
global.js,69,js,be721957,Kalberhe,2025-10-25,11:01:42,-07:00,2025-10-25T11:01:42-07:00,0,20
global.js,70,js,be721957,Kalberhe,2025-10-25,11:01:42,-07:00,2025-10-25T11:01:42-07:00,0,17
global.js,71,js,be721957,Kalberhe,2025-10-25,11:01:42,-07:00,2025-10-25T11:01:42-07:00,0,0
global.js,72,js,ce4fd841,Kalberhe,2025-10-17,18:18:40,-07:00,2025-10-17T18:18:40-07:00,0,0
global.js,73,js,ce4fd841,Kalberhe,2025-10-17,18:18:40,-07:00,2025-10-17T18:18:40-07:00,0,38
global.js,74,js,be721957,Kalberhe,2025-10-25,11:01:42,-07:00,2025-10-25T11:01:42-07:00,0,27
global.js,75,js,ce4fd841,Kalberhe,2025-10-17,18:18:40,-07:00,2025-10-17T18:18:40-07:00,0,41
global.js,76,js,ce4fd841,Kalberhe,2025-10-17,18:18:40,-07:00,2025-10-17T18:18:40-07:00,0,16
global.js,77,js,ce4fd841,Kalberhe,2025-10-17,18:18:40,-07:00,2025-10-17T18:18:40-07:00,0,2
global.js,78,js,ce4fd841,Kalberhe,2025-10-17,18:18:40,-07:00,2025-10-17T18:18:40-07:00,0,0
global.js,79,js,be721957,Kalberhe,2025-10-25,11:01:42,-07:00,2025-10-25T11:01:42-07:00,0,0
global.js,80,js,ce4fd841,Kalberhe,2025-10-17,18:18:40,-07:00,2025-10-17T18:18:40-07:00,0,23
global.js,81,js,ce4fd841,Kalberhe,2025-10-17,18:18:40,-07:00,2025-10-17T18:18:40-07:00,0,60
global.js,82,js,ce4fd841,Kalberhe,2025-10-17,18:18:40,-07:00,2025-10-17T18:18:40-07:00,0,38
global.js,83,js,ce4fd841,Kalberhe,2025-10-17,18:18:40,-07:00,2025-10-17T18:18:40-07:00,0,70
global.js,84,js,6abe52fc,Kalberhe,2025-10-17,18:10:46,-07:00,2025-10-17T18:10:46-07:00,0,2
global.js,85,js,7e85c10b,Kalberhe,2025-10-17,17:57:06,-07:00,2025-10-17T17:57:06-07:00,0,0
global.js,86,js,be721957,Kalberhe,2025-10-25,11:01:42,-07:00,2025-10-25T11:01:42-07:00,0,0
global.js,87,js,be721957,Kalberhe,2025-10-25,11:01:42,-07:00,2025-10-25T11:01:42-07:00,0,0
global.js,88,js,be721957,Kalberhe,2025-10-25,11:01:42,-07:00,2025-10-25T11:01:42-07:00,0,37
global.js,89,js,be721957,Kalberhe,2025-10-25,11:01:42,-07:00,2025-10-25T11:01:42-07:00,0,4
global.js,90,js,be721957,Kalberhe,2025-10-25,11:01:42,-07:00,2025-10-25T11:01:42-07:00,0,28
global.js,91,js,be721957,Kalberhe,2025-10-25,11:01:42,-07:00,2025-10-25T11:01:42-07:00,0,63
global.js,92,js,be721957,Kalberhe,2025-10-25,11:01:42,-07:00,2025-10-25T11:01:42-07:00,0,23
global.js,93,js,be721957,Kalberhe,2025-10-25,11:01:42,-07:00,2025-10-25T11:01:42-07:00,0,14
global.js,94,js,be721957,Kalberhe,2025-10-25,11:01:42,-07:00,2025-10-25T11:01:42-07:00,0,46
global.js,95,js,be721957,Kalberhe,2025-10-25,11:01:42,-07:00,2025-10-25T11:01:42-07:00,0,11
global.js,96,js,be721957,Kalberhe,2025-10-25,11:01:42,-07:00,2025-10-25T11:01:42-07:00,0,0
global.js,97,js,be721957,Kalberhe,2025-10-25,11:01:42,-07:00,2025-10-25T11:01:42-07:00,0,0
global.js,98,js,be721957,Kalberhe,2025-10-25,11:01:42,-07:00,2025-10-25T11:01:42-07:00,0,0
global.js,99,js,be721957,Kalberhe,2025-10-25,11:01:42,-07:00,2025-10-25T11:01:42-07:00,0,0
global.js,100,js,be721957,Kalberhe,2025-10-25,11:01:42,-07:00,2025-10-25T11:01:42-07:00,0,40
global.js,101,js,be721957,Kalberhe,2025-10-25,11:01:42,-07:00,2025-10-25T11:01:42-07:00,0,57
global.js,102,js,be721957,Kalberhe,2025-10-25,11:01:42,-07:00,2025-10-25T11:01:42-07:00,0,0
global.js,103,js,be721957,Kalberhe,2025-10-25,11:01:42,-07:00,2025-10-25T11:01:42-07:00,0,0
global.js,104,js,be721957,Kalberhe,2025-10-25,11:01:42,-07:00,2025-10-25T11:01:42-07:00,0,0
global.js,105,js,be721957,Kalberhe,2025-10-25,11:01:42,-07:00,2025-10-25T11:01:42-07:00,0,73
global.js,106,js,be721957,Kalberhe,2025-10-25,11:01:42,-07:00,2025-10-25T11:01:42-07:00,0,22
global.js,107,js,be721957,Kalberhe,2025-10-25,11:01:42,-07:00,2025-10-25T11:01:42-07:00,0,24
global.js,108,js,be721957,Kalberhe,2025-10-25,11:01:42,-07:00,2025-10-25T11:01:42-07:00,0,0
global.js,109,js,be721957,Kalberhe,2025-10-25,11:01:42,-07:00,2025-10-25T11:01:42-07:00,0,55
global.js,110,js,be721957,Kalberhe,2025-10-25,11:01:42,-07:00,2025-10-25T11:01:42-07:00,0,57
global.js,111,js,be721957,Kalberhe,2025-10-25,11:01:42,-07:00,2025-10-25T11:01:42-07:00,0,6
global.js,112,js,be721957,Kalberhe,2025-10-25,11:01:42,-07:00,2025-10-25T11:01:42-07:00,0,0
global.js,113,js,be721957,Kalberhe,2025-10-25,11:01:42,-07:00,2025-10-25T11:01:42-07:00,0,0
global.js,114,js,be721957,Kalberhe,2025-10-25,11:01:42,-07:00,2025-10-25T11:01:42-07:00,0,26
global.js,115,js,be721957,Kalberhe,2025-10-25,11:01:42,-07:00,2025-10-25T11:01:42-07:00,0,49
global.js,116,js,be721957,Kalberhe,2025-10-25,11:01:42,-07:00,2025-10-25T11:01:42-07:00,0,29
global.js,117,js,be721957,Kalberhe,2025-10-25,11:01:42,-07:00,2025-10-25T11:01:42-07:00,0,0
global.js,118,js,be721957,Kalberhe,2025-10-25,11:01:42,-07:00,2025-10-25T11:01:42-07:00,0,0
global.js,119,js,be721957,Kalberhe,2025-10-25,11:01:42,-07:00,2025-10-25T11:01:42-07:00,0,37
global.js,120,js,be721957,Kalberhe,2025-10-25,11:01:42,-07:00,2025-10-25T11:01:42-07:00,0,8
global.js,121,js,be721957,Kalberhe,2025-10-25,11:01:42,-07:00,2025-10-25T11:01:42-07:00,0,4
global.js,122,js,be721957,Kalberhe,2025-10-25,11:01:42,-07:00,2025-10-25T11:01:42-07:00,0,5
global.js,123,js,be721957,Kalberhe,2025-10-25,11:01:42,-07:00,2025-10-25T11:01:42-07:00,0,78
global.js,124,js,be721957,Kalberhe,2025-10-25,11:01:42,-07:00,2025-10-25T11:01:42-07:00,0,0
global.js,125,js,be721957,Kalberhe,2025-10-25,11:01:42,-07:00,2025-10-25T11:01:42-07:00,0,9
global.js,126,js,be721957,Kalberhe,2025-10-25,11:01:42,-07:00,2025-10-25T11:01:42-07:00,0,4
global.js,127,js,be721957,Kalberhe,2025-10-25,11:01:42,-07:00,2025-10-25T11:01:42-07:00,0,0
global.js,128,js,be721957,Kalberhe,2025-10-25,11:01:42,-07:00,2025-10-25T11:01:42-07:00,0,20
global.js,129,js,be721957,Kalberhe,2025-10-25,11:01:42,-07:00,2025-10-25T11:01:42-07:00,0,44
global.js,130,js,be721957,Kalberhe,2025-10-25,11:01:42,-07:00,2025-10-25T11:01:42-07:00,0,38
global.js,131,js,be721957,Kalberhe,2025-10-25,11:01:42,-07:00,2025-10-25T11:01:42-07:00,0,22
global.js,132,js,be721957,Kalberhe,2025-10-25,11:01:42,-07:00,2025-10-25T11:01:42-07:00,0,9
global.js,133,js,be721957,Kalberhe,2025-10-25,11:01:42,-07:00,2025-10-25T11:01:42-07:00,0,1
global.js,134,js,be721957,Kalberhe,2025-10-25,11:01:42,-07:00,2025-10-25T11:01:42-07:00,0,30
global.js,135,js,be721957,Kalberhe,2025-10-25,11:01:42,-07:00,2025-10-25T11:01:42-07:00,0,0
global.js,136,js,be721957,Kalberhe,2025-10-25,11:01:42,-07:00,2025-10-25T11:01:42-07:00,0,0
global.js,137,js,e63ad1cf,Kalberhe,2025-10-25,14:36:50,-07:00,2025-10-25T14:36:50-07:00,0,0
global.js,138,js,e63ad1cf,Kalberhe,2025-10-25,14:36:50,-07:00,2025-10-25T14:36:50-07:00,0,33
global.js,139,js,e63ad1cf,Kalberhe,2025-10-25,14:36:50,-07:00,2025-10-25T14:36:50-07:00,0,46
global.js,140,js,e63ad1cf,Kalberhe,2025-10-25,14:36:50,-07:00,2025-10-25T14:36:50-07:00,0,26
global.js,141,js,e63ad1cf,Kalberhe,2025-10-25,14:36:50,-07:00,2025-10-25T14:36:50-07:00,0,0
global.js,142,js,e63ad1cf,Kalberhe,2025-10-25,14:36:50,-07:00,2025-10-25T14:36:50-07:00,0,17
global.js,143,js,e63ad1cf,Kalberhe,2025-10-25,14:36:50,-07:00,2025-10-25T14:36:50-07:00,0,38
global.js,144,js,e63ad1cf,Kalberhe,2025-10-25,14:36:50,-07:00,2025-10-25T14:36:50-07:00,0,17
global.js,145,js,e63ad1cf,Kalberhe,2025-10-25,14:36:50,-07:00,2025-10-25T14:36:50-07:00,0,18
global.js,146,js,e63ad1cf,Kalberhe,2025-10-25,14:36:50,-07:00,2025-10-25T14:36:50-07:00,0,35
global.js,147,js,e63ad1cf,Kalberhe,2025-10-25,14:36:50,-07:00,2025-10-25T14:36:50-07:00,0,60
global.js,148,js,e63ad1cf,Kalberhe,2025-10-25,14:36:50,-07:00,2025-10-25T14:36:50-07:00,0,5
global.js,149,js,e63ad1cf,Kalberhe,2025-10-25,14:36:50,-07:00,2025-10-25T14:36:50-07:00,0,1
global.js,150,js,e63ad1cf,Kalberhe,2025-10-25,14:36:50,-07:00,2025-10-25T14:36:50-07:00,0,11
global.js,151,js,e63ad1cf,Kalberhe,2025-10-25,14:36:50,-07:00,2025-10-25T14:36:50-07:00,0,0
global.js,152,js,e63ad1cf,Kalberhe,2025-10-25,14:36:50,-07:00,2025-10-25T14:36:50-07:00,0,0
resume\index.html,1,html,b752cbe8,Kalberhe,2025-10-03,16:20:25,-07:00,2025-10-03T16:20:25-07:00,0,14
resume\index.html,2,html,b752cbe8,Kalberhe,2025-10-03,16:20:25,-07:00,2025-10-03T16:20:25-07:00,0,15
resume\index.html,3,html,b752cbe8,Kalberhe,2025-10-03,16:20:25,-07:00,2025-10-03T16:20:25-07:00,0,5
resume\index.html,4,html,7e85c10b,Kalberhe,2025-10-17,17:57:06,-07:00,2025-10-17T17:57:06-07:00,0,49
resume\index.html,5,html,b752cbe8,Kalberhe,2025-10-03,16:20:25,-07:00,2025-10-03T16:20:25-07:00,0,23
resume\index.html,6,html,b752cbe8,Kalberhe,2025-10-03,16:20:25,-07:00,2025-10-03T16:20:25-07:00,0,68
resume\index.html,7,html,b752cbe8,Kalberhe,2025-10-03,16:20:25,-07:00,2025-10-03T16:20:25-07:00,0,50
resume\index.html,8,html,54ca37e1,Kalberhe,2025-10-03,17:06:13,-07:00,2025-10-03T17:06:13-07:00,0,46
resume\index.html,9,html,b752cbe8,Kalberhe,2025-10-03,16:20:25,-07:00,2025-10-03T16:20:25-07:00,0,6
resume\index.html,10,html,b752cbe8,Kalberhe,2025-10-03,16:20:25,-07:00,2025-10-03T16:20:25-07:00,0,5
resume\index.html,11,html,b752cbe8,Kalberhe,2025-10-03,16:20:25,-07:00,2025-10-03T16:20:25-07:00,0,7
resume\index.html,12,html,b752cbe8,Kalberhe,2025-10-03,16:20:25,-07:00,2025-10-03T16:20:25-07:00,0,14
resume\index.html,13,html,a2f99496,Kalberhe,2025-10-17,18:29:03,-07:00,2025-10-17T18:29:03-07:00,0,0
resume\index.html,14,html,b752cbe8,Kalberhe,2025-10-03,16:20:25,-07:00,2025-10-03T16:20:25-07:00,0,8
resume\index.html,15,html,b752cbe8,Kalberhe,2025-10-03,16:20:25,-07:00,2025-10-03T16:20:25-07:00,0,0
resume\index.html,16,html,b752cbe8,Kalberhe,2025-10-03,16:20:25,-07:00,2025-10-03T16:20:25-07:00,0,5
resume\index.html,17,html,e75cb6c5,Kalberhe,2025-10-03,18:00:18,-07:00,2025-10-03T18:00:18-07:00,0,19
resume\index.html,18,html,81cd3147,Kalberhe,2025-10-03,17:45:55,-07:00,2025-10-03T17:45:55-07:00,0,2
resume\index.html,19,html,e75cb6c5,Kalberhe,2025-10-03,18:00:18,-07:00,2025-10-03T18:00:18-07:00,0,73
resume\index.html,20,html,e75cb6c5,Kalberhe,2025-10-03,18:00:18,-07:00,2025-10-03T18:00:18-07:00,0,12
resume\index.html,21,html,e75cb6c5,Kalberhe,2025-10-03,18:00:18,-07:00,2025-10-03T18:00:18-07:00,0,30
resume\index.html,22,html,e75cb6c5,Kalberhe,2025-10-03,18:00:18,-07:00,2025-10-03T18:00:18-07:00,0,121
resume\index.html,23,html,e75cb6c5,Kalberhe,2025-10-03,18:00:18,-07:00,2025-10-03T18:00:18-07:00,0,16
resume\index.html,24,html,e75cb6c5,Kalberhe,2025-10-03,18:00:18,-07:00,2025-10-03T18:00:18-07:00,0,3
resume\index.html,25,html,81cd3147,Kalberhe,2025-10-03,17:45:55,-07:00,2025-10-03T17:45:55-07:00,0,3
resume\index.html,26,html,b752cbe8,Kalberhe,2025-10-03,16:20:25,-07:00,2025-10-03T16:20:25-07:00,0,0
resume\index.html,27,html,b752cbe8,Kalberhe,2025-10-03,16:20:25,-07:00,2025-10-03T16:20:25-07:00,0,22
resume\index.html,28,html,b752cbe8,Kalberhe,2025-10-03,16:20:25,-07:00,2025-10-03T16:20:25-07:00,0,8
resume\index.html,29,html,b752cbe8,Kalberhe,2025-10-03,16:20:25,-07:00,2025-10-03T16:20:25-07:00,0,17
resume\index.html,30,html,b752cbe8,Kalberhe,2025-10-03,16:20:25,-07:00,2025-10-03T16:20:25-07:00,0,72
resume\index.html,31,html,b752cbe8,Kalberhe,2025-10-03,16:20:25,-07:00,2025-10-03T16:20:25-07:00,0,58
resume\index.html,32,html,b752cbe8,Kalberhe,2025-10-03,16:20:25,-07:00,2025-10-03T16:20:25-07:00,0,33
resume\index.html,33,html,b752cbe8,Kalberhe,2025-10-03,16:20:25,-07:00,2025-10-03T16:20:25-07:00,0,9
resume\index.html,34,html,b752cbe8,Kalberhe,2025-10-03,16:20:25,-07:00,2025-10-03T16:20:25-07:00,0,0
resume\index.html,35,html,b752cbe8,Kalberhe,2025-10-03,16:20:25,-07:00,2025-10-03T16:20:25-07:00,0,8
resume\index.html,36,html,b752cbe8,Kalberhe,2025-10-03,16:20:25,-07:00,2025-10-03T16:20:25-07:00,0,18
resume\index.html,37,html,b752cbe8,Kalberhe,2025-10-03,16:20:25,-07:00,2025-10-03T16:20:25-07:00,0,88
resume\index.html,38,html,b752cbe8,Kalberhe,2025-10-03,16:20:25,-07:00,2025-10-03T16:20:25-07:00,0,31
resume\index.html,39,html,b752cbe8,Kalberhe,2025-10-03,16:20:25,-07:00,2025-10-03T16:20:25-07:00,0,122
resume\index.html,40,html,b752cbe8,Kalberhe,2025-10-03,16:20:25,-07:00,2025-10-03T16:20:25-07:00,0,101
resume\index.html,41,html,b752cbe8,Kalberhe,2025-10-03,16:20:25,-07:00,2025-10-03T16:20:25-07:00,0,59
resume\index.html,42,html,b752cbe8,Kalberhe,2025-10-03,16:20:25,-07:00,2025-10-03T16:20:25-07:00,0,0
resume\index.html,43,html,b752cbe8,Kalberhe,2025-10-03,16:20:25,-07:00,2025-10-03T16:20:25-07:00,0,96
resume\index.html,44,html,b752cbe8,Kalberhe,2025-10-03,16:20:25,-07:00,2025-10-03T16:20:25-07:00,0,32
resume\index.html,45,html,b752cbe8,Kalberhe,2025-10-03,16:20:25,-07:00,2025-10-03T16:20:25-07:00,0,106
resume\index.html,46,html,b752cbe8,Kalberhe,2025-10-03,16:20:25,-07:00,2025-10-03T16:20:25-07:00,0,90
resume\index.html,47,html,b752cbe8,Kalberhe,2025-10-03,16:20:25,-07:00,2025-10-03T16:20:25-07:00,0,0
resume\index.html,48,html,b752cbe8,Kalberhe,2025-10-03,16:20:25,-07:00,2025-10-03T16:20:25-07:00,0,76
resume\index.html,49,html,b752cbe8,Kalberhe,2025-10-03,16:20:25,-07:00,2025-10-03T16:20:25-07:00,0,31
resume\index.html,50,html,b752cbe8,Kalberhe,2025-10-03,16:20:25,-07:00,2025-10-03T16:20:25-07:00,0,59
resume\index.html,51,html,b752cbe8,Kalberhe,2025-10-03,16:20:25,-07:00,2025-10-03T16:20:25-07:00,0,68
resume\index.html,52,html,b752cbe8,Kalberhe,2025-10-03,16:20:25,-07:00,2025-10-03T16:20:25-07:00,0,0
resume\index.html,53,html,b752cbe8,Kalberhe,2025-10-03,16:20:25,-07:00,2025-10-03T16:20:25-07:00,0,58
resume\index.html,54,html,b752cbe8,Kalberhe,2025-10-03,16:20:25,-07:00,2025-10-03T16:20:25-07:00,0,32
resume\index.html,55,html,b752cbe8,Kalberhe,2025-10-03,16:20:25,-07:00,2025-10-03T16:20:25-07:00,0,57
resume\index.html,56,html,b752cbe8,Kalberhe,2025-10-03,16:20:25,-07:00,2025-10-03T16:20:25-07:00,0,68
resume\index.html,57,html,b752cbe8,Kalberhe,2025-10-03,16:20:25,-07:00,2025-10-03T16:20:25-07:00,0,9
resume\index.html,58,html,b752cbe8,Kalberhe,2025-10-03,16:20:25,-07:00,2025-10-03T16:20:25-07:00,0,0
resume\index.html,59,html,b752cbe8,Kalberhe,2025-10-03,16:20:25,-07:00,2025-10-03T16:20:25-07:00,0,8
resume\index.html,60,html,b752cbe8,Kalberhe,2025-10-03,16:20:25,-07:00,2025-10-03T16:20:25-07:00,0,16
resume\index.html,61,html,b752cbe8,Kalberhe,2025-10-03,16:20:25,-07:00,2025-10-03T16:20:25-07:00,0,66
resume\index.html,62,html,b752cbe8,Kalberhe,2025-10-03,16:20:25,-07:00,2025-10-03T16:20:25-07:00,0,101
resume\index.html,63,html,b752cbe8,Kalberhe,2025-10-03,16:20:25,-07:00,2025-10-03T16:20:25-07:00,0,63
resume\index.html,64,html,b752cbe8,Kalberhe,2025-10-03,16:20:25,-07:00,2025-10-03T16:20:25-07:00,0,0
resume\index.html,65,html,b752cbe8,Kalberhe,2025-10-03,16:20:25,-07:00,2025-10-03T16:20:25-07:00,0,58
resume\index.html,66,html,b752cbe8,Kalberhe,2025-10-03,16:20:25,-07:00,2025-10-03T16:20:25-07:00,0,57
resume\index.html,67,html,b752cbe8,Kalberhe,2025-10-03,16:20:25,-07:00,2025-10-03T16:20:25-07:00,0,64
resume\index.html,68,html,b752cbe8,Kalberhe,2025-10-03,16:20:25,-07:00,2025-10-03T16:20:25-07:00,0,9
resume\index.html,69,html,b752cbe8,Kalberhe,2025-10-03,16:20:25,-07:00,2025-10-03T16:20:25-07:00,0,0
resume\index.html,70,html,b752cbe8,Kalberhe,2025-10-03,16:20:25,-07:00,2025-10-03T16:20:25-07:00,0,8
resume\index.html,71,html,b752cbe8,Kalberhe,2025-10-03,16:20:25,-07:00,2025-10-03T16:20:25-07:00,0,24
resume\index.html,72,html,b752cbe8,Kalberhe,2025-10-03,16:20:25,-07:00,2025-10-03T16:20:25-07:00,0,3
resume\index.html,73,html,b752cbe8,Kalberhe,2025-10-03,16:20:25,-07:00,2025-10-03T16:20:25-07:00,0,110
resume\index.html,74,html,b752cbe8,Kalberhe,2025-10-03,16:20:25,-07:00,2025-10-03T16:20:25-07:00,0,115
resume\index.html,75,html,b752cbe8,Kalberhe,2025-10-03,16:20:25,-07:00,2025-10-03T16:20:25-07:00,0,61
resume\index.html,76,html,b752cbe8,Kalberhe,2025-10-03,16:20:25,-07:00,2025-10-03T16:20:25-07:00,0,4
resume\index.html,77,html,b752cbe8,Kalberhe,2025-10-03,16:20:25,-07:00,2025-10-03T16:20:25-07:00,0,9
resume\index.html,78,html,b752cbe8,Kalberhe,2025-10-03,16:20:25,-07:00,2025-10-03T16:20:25-07:00,0,6
resume\index.html,79,html,b752cbe8,Kalberhe,2025-10-03,16:20:25,-07:00,2025-10-03T16:20:25-07:00,0,6
resume\index.html,80,html,b752cbe8,Kalberhe,2025-10-03,16:20:25,-07:00,2025-10-03T16:20:25-07:00,0,6
projects\projects.js,1,js,560051f7,Kalberhe,2025-10-25,14:09:46,-07:00,2025-10-25T14:09:46-07:00,0,22
projects\projects.js,2,js,560051f7,Kalberhe,2025-10-25,14:09:46,-07:00,2025-10-25T14:09:46-07:00,0,64
projects\projects.js,3,js,560051f7,Kalberhe,2025-10-25,14:09:46,-07:00,2025-10-25T14:09:46-07:00,0,40
projects\projects.js,4,js,be721957,Kalberhe,2025-10-25,11:01:42,-07:00,2025-10-25T11:01:42-07:00,0,0
projects\projects.js,5,js,191e71e1,Kalberhe,2025-10-25,18:18:07,-07:00,2025-10-25T18:18:07-07:00,0,65
projects\projects.js,6,js,be721957,Kalberhe,2025-10-25,11:01:42,-07:00,2025-10-25T11:01:42-07:00,0,37
projects\projects.js,7,js,d6a8b52a,Kalberhe,2025-10-25,17:09:13,-07:00,2025-10-25T17:09:13-07:00,0,21
projects\projects.js,8,js,d6a8b52a,Kalberhe,2025-10-25,17:09:13,-07:00,2025-10-25T17:09:13-07:00,0,42
projects\projects.js,9,js,d6a8b52a,Kalberhe,2025-10-25,17:09:13,-07:00,2025-10-25T17:09:13-07:00,0,57
projects\projects.js,10,js,d6a8b52a,Kalberhe,2025-10-25,17:09:13,-07:00,2025-10-25T17:09:13-07:00,0,0
projects\projects.js,11,js,be721957,Kalberhe,2025-10-25,11:01:42,-07:00,2025-10-25T11:01:42-07:00,0,35
projects\projects.js,12,js,be721957,Kalberhe,2025-10-25,11:01:42,-07:00,2025-10-25T11:01:42-07:00,0,108
projects\projects.js,13,js,be721957,Kalberhe,2025-10-25,11:01:42,-07:00,2025-10-25T11:01:42-07:00,0,4
projects\projects.js,14,js,d6a8b52a,Kalberhe,2025-10-25,17:09:13,-07:00,2025-10-25T17:09:13-07:00,0,0
projects\projects.js,15,js,be721957,Kalberhe,2025-10-25,11:01:42,-07:00,2025-10-25T11:01:42-07:00,0,7
projects\projects.js,16,js,be721957,Kalberhe,2025-10-25,11:01:42,-07:00,2025-10-25T11:01:42-07:00,0,21
projects\projects.js,17,js,be721957,Kalberhe,2025-10-25,11:01:42,-07:00,2025-10-25T11:01:42-07:00,0,34
projects\projects.js,18,js,d6a8b52a,Kalberhe,2025-10-25,17:09:13,-07:00,2025-10-25T17:09:13-07:00,0,8
projects\projects.js,19,js,be721957,Kalberhe,2025-10-25,11:01:42,-07:00,2025-10-25T11:01:42-07:00,0,28
projects\projects.js,20,js,be721957,Kalberhe,2025-10-25,11:01:42,-07:00,2025-10-25T11:01:42-07:00,0,7
projects\projects.js,21,js,560051f7,Kalberhe,2025-10-25,14:09:46,-07:00,2025-10-25T14:09:46-07:00,0,73
projects\projects.js,22,js,be721957,Kalberhe,2025-10-25,11:01:42,-07:00,2025-10-25T11:01:42-07:00,0,9
projects\projects.js,23,js,be721957,Kalberhe,2025-10-25,11:01:42,-07:00,2025-10-25T11:01:42-07:00,0,1
projects\projects.js,24,js,be721957,Kalberhe,2025-10-25,11:01:42,-07:00,2025-10-25T11:01:42-07:00,0,0
projects\projects.js,25,js,be721957,Kalberhe,2025-10-25,11:01:42,-07:00,2025-10-25T11:01:42-07:00,0,0
projects\projects.js,26,js,191e71e1,Kalberhe,2025-10-25,18:18:07,-07:00,2025-10-25T18:18:07-07:00,0,35
projects\projects.js,27,js,560051f7,Kalberhe,2025-10-25,14:09:46,-07:00,2025-10-25T14:09:46-07:00,0,43
projects\projects.js,28,js,560051f7,Kalberhe,2025-10-25,14:09:46,-07:00,2025-10-25T14:09:46-07:00,0,35
projects\projects.js,29,js,560051f7,Kalberhe,2025-10-25,14:09:46,-07:00,2025-10-25T14:09:46-07:00,0,61
projects\projects.js,30,js,560051f7,Kalberhe,2025-10-25,14:09:46,-07:00,2025-10-25T14:09:46-07:00,0,56
projects\projects.js,31,js,d6a8b52a,Kalberhe,2025-10-25,17:09:13,-07:00,2025-10-25T17:09:13-07:00,0,57
projects\projects.js,32,js,560051f7,Kalberhe,2025-10-25,14:09:46,-07:00,2025-10-25T14:09:46-07:00,0,0
projects\projects.js,33,js,191e71e1,Kalberhe,2025-10-25,18:18:07,-07:00,2025-10-25T18:18:07-07:00,0,39
projects\projects.js,34,js,560051f7,Kalberhe,2025-10-25,14:09:46,-07:00,2025-10-25T14:09:46-07:00,0,20
projects\projects.js,35,js,560051f7,Kalberhe,2025-10-25,14:09:46,-07:00,2025-10-25T14:09:46-07:00,0,14
projects\projects.js,36,js,191e71e1,Kalberhe,2025-10-25,18:18:07,-07:00,2025-10-25T18:18:07-07:00,0,49
projects\projects.js,37,js,191e71e1,Kalberhe,2025-10-25,18:18:07,-07:00,2025-10-25T18:18:07-07:00,0,63
projects\projects.js,38,js,191e71e1,Kalberhe,2025-10-25,18:18:07,-07:00,2025-10-25T18:18:07-07:00,0,53
projects\projects.js,39,js,191e71e1,Kalberhe,2025-10-25,18:18:07,-07:00,2025-10-25T18:18:07-07:00,0,77
projects\projects.js,40,js,191e71e1,Kalberhe,2025-10-25,18:18:07,-07:00,2025-10-25T18:18:07-07:00,0,0
projects\projects.js,41,js,191e71e1,Kalberhe,2025-10-25,18:18:07,-07:00,2025-10-25T18:18:07-07:00,0,40
projects\projects.js,42,js,191e71e1,Kalberhe,2025-10-25,18:18:07,-07:00,2025-10-25T18:18:07-07:00,0,51
projects\projects.js,43,js,191e71e1,Kalberhe,2025-10-25,18:18:07,-07:00,2025-10-25T18:18:07-07:00,0,55
projects\projects.js,44,js,560051f7,Kalberhe,2025-10-25,14:09:46,-07:00,2025-10-25T14:09:46-07:00,0,45
projects\projects.js,45,js,be721957,Kalberhe,2025-10-25,11:01:42,-07:00,2025-10-25T11:01:42-07:00,0,0
projects\projects.js,46,js,191e71e1,Kalberhe,2025-10-25,18:18:07,-07:00,2025-10-25T18:18:07-07:00,0,34
projects\projects.js,47,js,560051f7,Kalberhe,2025-10-25,14:09:46,-07:00,2025-10-25T14:09:46-07:00,0,32
projects\projects.js,48,js,560051f7,Kalberhe,2025-10-25,14:09:46,-07:00,2025-10-25T14:09:46-07:00,0,84
projects\projects.js,49,js,191e71e1,Kalberhe,2025-10-25,18:18:07,-07:00,2025-10-25T18:18:07-07:00,0,63
projects\projects.js,50,js,560051f7,Kalberhe,2025-10-25,14:09:46,-07:00,2025-10-25T14:09:46-07:00,0,69
projects\projects.js,51,js,560051f7,Kalberhe,2025-10-25,14:09:46,-07:00,2025-10-25T14:09:46-07:00,0,0
projects\projects.js,52,js,560051f7,Kalberhe,2025-10-25,14:09:46,-07:00,2025-10-25T14:09:46-07:00,0,0
projects\projects.js,53,js,560051f7,Kalberhe,2025-10-25,14:09:46,-07:00,2025-10-25T14:09:46-07:00,0,20
projects\projects.js,54,js,560051f7,Kalberhe,2025-10-25,14:09:46,-07:00,2025-10-25T14:09:46-07:00,0,30
projects\projects.js,55,js,560051f7,Kalberhe,2025-10-25,14:09:46,-07:00,2025-10-25T14:09:46-07:00,0,31
projects\projects.js,56,js,560051f7,Kalberhe,2025-10-25,14:09:46,-07:00,2025-10-25T14:09:46-07:00,0,0
projects\projects.js,57,js,be721957,Kalberhe,2025-10-25,11:01:42,-07:00,2025-10-25T11:01:42-07:00,0,0
projects\projects.js,58,js,560051f7,Kalberhe,2025-10-25,14:09:46,-07:00,2025-10-25T14:09:46-07:00,0,30
projects\projects.js,59,js,d6a8b52a,Kalberhe,2025-10-25,17:09:13,-07:00,2025-10-25T17:09:13-07:00,0,44
projects\projects.js,60,js,d6a8b52a,Kalberhe,2025-10-25,17:09:13,-07:00,2025-10-25T17:09:13-07:00,0,46
projects\projects.js,61,js,d6a8b52a,Kalberhe,2025-10-25,17:09:13,-07:00,2025-10-25T17:09:13-07:00,0,56
projects\projects.js,62,js,560051f7,Kalberhe,2025-10-25,14:09:46,-07:00,2025-10-25T14:09:46-07:00,0,69
projects\projects.js,63,js,be721957,Kalberhe,2025-10-25,11:01:42,-07:00,2025-10-25T11:01:42-07:00,0,0
projects\projects.js,64,js,be721957,Kalberhe,2025-10-25,11:01:42,-07:00,2025-10-25T11:01:42-07:00,0,0
projects\projects.js,65,js,d6a8b52a,Kalberhe,2025-10-25,17:09:13,-07:00,2025-10-25T17:09:13-07:00,0,27
projects\projects.js,66,js,d6a8b52a,Kalberhe,2025-10-25,17:09:13,-07:00,2025-10-25T17:09:13-07:00,0,24
projects\projects.js,67,js,d6a8b52a,Kalberhe,2025-10-25,17:09:13,-07:00,2025-10-25T17:09:13-07:00,0,60
projects\projects.js,68,js,d6a8b52a,Kalberhe,2025-10-25,17:09:13,-07:00,2025-10-25T17:09:13-07:00,0,34
projects\projects.js,69,js,d6a8b52a,Kalberhe,2025-10-25,17:09:13,-07:00,2025-10-25T17:09:13-07:00,0,68
projects\projects.js,70,js,d6a8b52a,Kalberhe,2025-10-25,17:09:13,-07:00,2025-10-25T17:09:13-07:00,0,0
projects\projects.js,71,js,d6a8b52a,Kalberhe,2025-10-25,17:09:13,-07:00,2025-10-25T17:09:13-07:00,0,28
projects\projects.js,72,js,d6a8b52a,Kalberhe,2025-10-25,17:09:13,-07:00,2025-10-25T17:09:13-07:00,0,24
projects\projects.js,73,js,d6a8b52a,Kalberhe,2025-10-25,17:09:13,-07:00,2025-10-25T17:09:13-07:00,0,60
projects\projects.js,74,js,d6a8b52a,Kalberhe,2025-10-25,17:09:13,-07:00,2025-10-25T17:09:13-07:00,0,34
projects\projects.js,75,js,d6a8b52a,Kalberhe,2025-10-25,17:09:13,-07:00,2025-10-25T17:09:13-07:00,0,68
projects\projects.js,76,js,d6a8b52a,Kalberhe,2025-10-25,17:09:13,-07:00,2025-10-25T17:09:13-07:00,0,0
projects\projects.js,77,js,d6a8b52a,Kalberhe,2025-10-25,17:09:13,-07:00,2025-10-25T17:09:13-07:00,0,0
projects\projects.js,78,js,191e71e1,Kalberhe,2025-10-25,18:18:07,-07:00,2025-10-25T18:18:07-07:00,0,44
projects\projects.js,79,js,191e71e1,Kalberhe,2025-10-25,18:18:07,-07:00,2025-10-25T18:18:07-07:00,0,30
projects\projects.js,80,js,191e71e1,Kalberhe,2025-10-25,18:18:07,-07:00,2025-10-25T18:18:07-07:00,0,20
projects\projects.js,81,js,191e71e1,Kalberhe,2025-10-25,18:18:07,-07:00,2025-10-25T18:18:07-07:00,0,27
projects\projects.js,82,js,191e71e1,Kalberhe,2025-10-25,18:18:07,-07:00,2025-10-25T18:18:07-07:00,0,49
projects\projects.js,83,js,191e71e1,Kalberhe,2025-10-25,18:18:07,-07:00,2025-10-25T18:18:07-07:00,0,37
projects\projects.js,84,js,191e71e1,Kalberhe,2025-10-25,18:18:07,-07:00,2025-10-25T18:18:07-07:00,0,2
projects\projects.js,85,js,191e71e1,Kalberhe,2025-10-25,18:18:07,-07:00,2025-10-25T18:18:07-07:00,0,0
projects\projects.js,86,js,191e71e1,Kalberhe,2025-10-25,18:18:07,-07:00,2025-10-25T18:18:07-07:00,0,21
projects\projects.js,87,js,191e71e1,Kalberhe,2025-10-25,18:18:07,-07:00,2025-10-25T18:18:07-07:00,0,27
projects\projects.js,88,js,191e71e1,Kalberhe,2025-10-25,18:18:07,-07:00,2025-10-25T18:18:07-07:00,0,56
projects\projects.js,89,js,191e71e1,Kalberhe,2025-10-25,18:18:07,-07:00,2025-10-25T18:18:07-07:00,0,34
projects\projects.js,90,js,191e71e1,Kalberhe,2025-10-25,18:18:07,-07:00,2025-10-25T18:18:07-07:00,0,2
projects\projects.js,91,js,191e71e1,Kalberhe,2025-10-25,18:18:07,-07:00,2025-10-25T18:18:07-07:00,0,0
projects\projects.js,92,js,191e71e1,Kalberhe,2025-10-25,18:18:07,-07:00,2025-10-25T18:18:07-07:00,0,0
projects\projects.js,93,js,191e71e1,Kalberhe,2025-10-25,18:18:07,-07:00,2025-10-25T18:18:07-07:00,0,72
projects\projects.js,94,js,191e71e1,Kalberhe,2025-10-25,18:18:07,-07:00,2025-10-25T18:18:07-07:00,0,40
projects\projects.js,95,js,560051f7,Kalberhe,2025-10-25,14:09:46,-07:00,2025-10-25T14:09:46-07:00,0,10
projects\projects.js,96,js,d6a8b52a,Kalberhe,2025-10-25,17:09:13,-07:00,2025-10-25T17:09:13-07:00,0,0
projects\projects.js,97,js,191e71e1,Kalberhe,2025-10-25,18:18:07,-07:00,2025-10-25T18:18:07-07:00,0,42
projects\projects.js,98,js,191e71e1,Kalberhe,2025-10-25,18:18:07,-07:00,2025-10-25T18:18:07-07:00,0,36
projects\projects.js,99,js,560051f7,Kalberhe,2025-10-25,14:09:46,-07:00,2025-10-25T14:09:46-07:00,0,0
projects\projects.js,100,js,191e71e1,Kalberhe,2025-10-25,18:18:07,-07:00,2025-10-25T18:18:07-07:00,0,37
projects\projects.js,101,js,560051f7,Kalberhe,2025-10-25,14:09:46,-07:00,2025-10-25T14:09:46-07:00,0,40
projects\projects.js,102,js,560051f7,Kalberhe,2025-10-25,14:09:46,-07:00,2025-10-25T14:09:46-07:00,0,0
projects\projects.js,103,js,191e71e1,Kalberhe,2025-10-25,18:18:07,-07:00,2025-10-25T18:18:07-07:00,0,5
projects\projects.js,104,js,191e71e1,Kalberhe,2025-10-25,18:18:07,-07:00,2025-10-25T18:18:07-07:00,0,20
projects\projects.js,105,js,560051f7,Kalberhe,2025-10-25,14:09:46,-07:00,2025-10-25T14:09:46-07:00,0,36
projects\projects.js,106,js,191e71e1,Kalberhe,2025-10-25,18:18:07,-07:00,2025-10-25T18:18:07-07:00,0,22
projects\projects.js,107,js,560051f7,Kalberhe,2025-10-25,14:09:46,-07:00,2025-10-25T14:09:46-07:00,0,19
projects\projects.js,108,js,560051f7,Kalberhe,2025-10-25,14:09:46,-07:00,2025-10-25T14:09:46-07:00,0,30
projects\projects.js,109,js,191e71e1,Kalberhe,2025-10-25,18:18:07,-07:00,2025-10-25T18:18:07-07:00,0,46
projects\projects.js,110,js,d6a8b52a,Kalberhe,2025-10-25,17:09:13,-07:00,2025-10-25T17:09:13-07:00,0,33
projects\projects.js,111,js,d6a8b52a,Kalberhe,2025-10-25,17:09:13,-07:00,2025-10-25T17:09:13-07:00,0,21
projects\projects.js,112,js,191e71e1,Kalberhe,2025-10-25,18:18:07,-07:00,2025-10-25T18:18:07-07:00,0,40
projects\projects.js,113,js,191e71e1,Kalberhe,2025-10-25,18:18:07,-07:00,2025-10-25T18:18:07-07:00,0,57
projects\projects.js,114,js,191e71e1,Kalberhe,2025-10-25,18:18:07,-07:00,2025-10-25T18:18:07-07:00,0,59
projects\projects.js,115,js,d6a8b52a,Kalberhe,2025-10-25,17:09:13,-07:00,2025-10-25T17:09:13-07:00,0,1
projects\projects.js,116,js,d6a8b52a,Kalberhe,2025-10-25,17:09:13,-07:00,2025-10-25T17:09:13-07:00,0,26
projects\projects.js,117,js,d6a8b52a,Kalberhe,2025-10-25,17:09:13,-07:00,2025-10-25T17:09:13-07:00,0,17
projects\projects.js,118,js,191e71e1,Kalberhe,2025-10-25,18:18:07,-07:00,2025-10-25T18:18:07-07:00,0,19
projects\projects.js,119,js,191e71e1,Kalberhe,2025-10-25,18:18:07,-07:00,2025-10-25T18:18:07-07:00,0,34
projects\projects.js,120,js,191e71e1,Kalberhe,2025-10-25,18:18:07,-07:00,2025-10-25T18:18:07-07:00,0,20
projects\projects.js,121,js,d6a8b52a,Kalberhe,2025-10-25,17:09:13,-07:00,2025-10-25T17:09:13-07:00,0,1
projects\projects.js,122,js,d6a8b52a,Kalberhe,2025-10-25,17:09:13,-07:00,2025-10-25T17:09:13-07:00,0,26
projects\projects.js,123,js,191e71e1,Kalberhe,2025-10-25,18:18:07,-07:00,2025-10-25T18:18:07-07:00,0,35
projects\projects.js,124,js,d6a8b52a,Kalberhe,2025-10-25,17:09:13,-07:00,2025-10-25T17:09:13-07:00,0,46
projects\projects.js,125,js,191e71e1,Kalberhe,2025-10-25,18:18:07,-07:00,2025-10-25T18:18:07-07:00,0,71
projects\projects.js,126,js,d6a8b52a,Kalberhe,2025-10-25,17:09:13,-07:00,2025-10-25T17:09:13-07:00,0,2
projects\projects.js,127,js,560051f7,Kalberhe,2025-10-25,14:09:46,-07:00,2025-10-25T14:09:46-07:00,0,0
projects\projects.js,128,js,191e71e1,Kalberhe,2025-10-25,18:18:07,-07:00,2025-10-25T18:18:07-07:00,0,8
projects\projects.js,129,js,560051f7,Kalberhe,2025-10-25,14:09:46,-07:00,2025-10-25T14:09:46-07:00,0,21
projects\projects.js,130,js,191e71e1,Kalberhe,2025-10-25,18:18:07,-07:00,2025-10-25T18:18:07-07:00,0,46
projects\projects.js,131,js,191e71e1,Kalberhe,2025-10-25,18:18:07,-07:00,2025-10-25T18:18:07-07:00,0,20
projects\projects.js,132,js,560051f7,Kalberhe,2025-10-25,14:09:46,-07:00,2025-10-25T14:09:46-07:00,0,44
projects\projects.js,133,js,191e71e1,Kalberhe,2025-10-25,18:18:07,-07:00,2025-10-25T18:18:07-07:00,0,47
projects\projects.js,134,js,560051f7,Kalberhe,2025-10-25,14:09:46,-07:00,2025-10-25T14:09:46-07:00,0,74
projects\projects.js,135,js,d6a8b52a,Kalberhe,2025-10-25,17:09:13,-07:00,2025-10-25T17:09:13-07:00,0,30
projects\projects.js,136,js,d6a8b52a,Kalberhe,2025-10-25,17:09:13,-07:00,2025-10-25T17:09:13-07:00,0,18
projects\projects.js,137,js,191e71e1,Kalberhe,2025-10-25,18:18:07,-07:00,2025-10-25T18:18:07-07:00,0,22
projects\projects.js,138,js,191e71e1,Kalberhe,2025-10-25,18:18:07,-07:00,2025-10-25T18:18:07-07:00,0,34
projects\projects.js,139,js,191e71e1,Kalberhe,2025-10-25,18:18:07,-07:00,2025-10-25T18:18:07-07:00,0,20
projects\projects.js,140,js,d6a8b52a,Kalberhe,2025-10-25,17:09:13,-07:00,2025-10-25T17:09:13-07:00,0,1
projects\projects.js,141,js,d6a8b52a,Kalberhe,2025-10-25,17:09:13,-07:00,2025-10-25T17:09:13-07:00,0,26
projects\projects.js,142,js,d6a8b52a,Kalberhe,2025-10-25,17:09:13,-07:00,2025-10-25T17:09:13-07:00,0,17
projects\projects.js,143,js,191e71e1,Kalberhe,2025-10-25,18:18:07,-07:00,2025-10-25T18:18:07-07:00,0,19
projects\projects.js,144,js,191e71e1,Kalberhe,2025-10-25,18:18:07,-07:00,2025-10-25T18:18:07-07:00,0,34
projects\projects.js,145,js,191e71e1,Kalberhe,2025-10-25,18:18:07,-07:00,2025-10-25T18:18:07-07:00,0,20
projects\projects.js,146,js,d6a8b52a,Kalberhe,2025-10-25,17:09:13,-07:00,2025-10-25T17:09:13-07:00,0,1
projects\projects.js,147,js,191e71e1,Kalberhe,2025-10-25,18:18:07,-07:00,2025-10-25T18:18:07-07:00,0,23
projects\projects.js,148,js,560051f7,Kalberhe,2025-10-25,14:09:46,-07:00,2025-10-25T14:09:46-07:00,0,58
projects\projects.js,149,js,191e71e1,Kalberhe,2025-10-25,18:18:07,-07:00,2025-10-25T18:18:07-07:00,0,19
projects\projects.js,150,js,d6a8b52a,Kalberhe,2025-10-25,17:09:13,-07:00,2025-10-25T17:09:13-07:00,0,1
projects\projects.js,151,js,d6a8b52a,Kalberhe,2025-10-25,17:09:13,-07:00,2025-10-25T17:09:13-07:00,0,22
projects\projects.js,152,js,d6a8b52a,Kalberhe,2025-10-25,17:09:13,-07:00,2025-10-25T17:09:13-07:00,0,21
projects\projects.js,153,js,d6a8b52a,Kalberhe,2025-10-25,17:09:13,-07:00,2025-10-25T17:09:13-07:00,0,26
projects\projects.js,154,js,d6a8b52a,Kalberhe,2025-10-25,17:09:13,-07:00,2025-10-25T17:09:13-07:00,0,42
projects\projects.js,155,js,d6a8b52a,Kalberhe,2025-10-25,17:09:13,-07:00,2025-10-25T17:09:13-07:00,0,19
projects\projects.js,156,js,d6a8b52a,Kalberhe,2025-10-25,17:09:13,-07:00,2025-10-25T17:09:13-07:00,0,58
projects\projects.js,157,js,191e71e1,Kalberhe,2025-10-25,18:18:07,-07:00,2025-10-25T18:18:07-07:00,0,19
projects\projects.js,158,js,d6a8b52a,Kalberhe,2025-10-25,17:09:13,-07:00,2025-10-25T17:09:13-07:00,0,0
projects\projects.js,159,js,560051f7,Kalberhe,2025-10-25,14:09:46,-07:00,2025-10-25T14:09:46-07:00,0,2
projects\projects.js,160,js,560051f7,Kalberhe,2025-10-25,14:09:46,-07:00,2025-10-25T14:09:46-07:00,0,0
projects\projects.js,161,js,be721957,Kalberhe,2025-10-25,11:01:42,-07:00,2025-10-25T11:01:42-07:00,0,0
projects\projects.js,162,js,191e71e1,Kalberhe,2025-10-25,18:18:07,-07:00,2025-10-25T18:18:07-07:00,0,42
projects\projects.js,163,js,191e71e1,Kalberhe,2025-10-25,18:18:07,-07:00,2025-10-25T18:18:07-07:00,0,55
projects\projects.js,164,js,191e71e1,Kalberhe,2025-10-25,18:18:07,-07:00,2025-10-25T18:18:07-07:00,0,32
projects\projects.js,165,js,560051f7,Kalberhe,2025-10-25,14:09:46,-07:00,2025-10-25T14:09:46-07:00,0,26
projects\projects.js,166,js,560051f7,Kalberhe,2025-10-25,14:09:46,-07:00,2025-10-25T14:09:46-07:00,0,0
projects\projects.js,167,js,560051f7,Kalberhe,2025-10-25,14:09:46,-07:00,2025-10-25T14:09:46-07:00,0,25
projects\projects.js,168,js,560051f7,Kalberhe,2025-10-25,14:09:46,-07:00,2025-10-25T14:09:46-07:00,0,29
projects\projects.js,169,js,560051f7,Kalberhe,2025-10-25,14:09:46,-07:00,2025-10-25T14:09:46-07:00,0,32
projects\projects.js,170,js,560051f7,Kalberhe,2025-10-25,14:09:46,-07:00,2025-10-25T14:09:46-07:00,0,56
projects\projects.js,171,js,560051f7,Kalberhe,2025-10-25,14:09:46,-07:00,2025-10-25T14:09:46-07:00,0,25
projects\projects.js,172,js,560051f7,Kalberhe,2025-10-25,14:09:46,-07:00,2025-10-25T14:09:46-07:00,0,2
projects\projects.js,173,js,560051f7,Kalberhe,2025-10-25,14:09:46,-07:00,2025-10-25T14:09:46-07:00,0,0
projects\projects.js,174,js,560051f7,Kalberhe,2025-10-25,14:09:46,-07:00,2025-10-25T14:09:46-07:00,0,0
projects\projects.js,175,js,d6a8b52a,Kalberhe,2025-10-25,17:09:13,-07:00,2025-10-25T17:09:13-07:00,0,69
projects\projects.js,176,js,d6a8b52a,Kalberhe,2025-10-25,17:09:13,-07:00,2025-10-25T17:09:13-07:00,0,24
projects\projects.js,177,js,d6a8b52a,Kalberhe,2025-10-25,17:09:13,-07:00,2025-10-25T17:09:13-07:00,0,82
projects\projects.js,178,js,560051f7,Kalberhe,2025-10-25,14:09:46,-07:00,2025-10-25T14:09:46-07:00,0,0
projects\projects.js,179,js,d6a8b52a,Kalberhe,2025-10-25,17:09:13,-07:00,2025-10-25T17:09:13-07:00,0,0
projects\projects.js,180,js,560051f7,Kalberhe,2025-10-25,14:09:46,-07:00,2025-10-25T14:09:46-07:00,0,15
projects\projects.js,181,js,560051f7,Kalberhe,2025-10-25,14:09:46,-07:00,2025-10-25T14:09:46-07:00,0,0
projects\projects.js,182,js,560051f7,Kalberhe,2025-10-25,14:09:46,-07:00,2025-10-25T14:09:46-07:00,0,0
projects\projects.js,183,js,191e71e1,Kalberhe,2025-10-25,18:18:07,-07:00,2025-10-25T18:18:07-07:00,0,82
projects\projects.js,184,js,191e71e1,Kalberhe,2025-10-25,18:18:07,-07:00,2025-10-25T18:18:07-07:00,0,33
projects\projects.js,185,js,191e71e1,Kalberhe,2025-10-25,18:18:07,-07:00,2025-10-25T18:18:07-07:00,0,26
projects\projects.js,186,js,191e71e1,Kalberhe,2025-10-25,18:18:07,-07:00,2025-10-25T18:18:07-07:00,0,0
projects\projects.js,187,js,191e71e1,Kalberhe,2025-10-25,18:18:07,-07:00,2025-10-25T18:18:07-07:00,0,25
projects\projects.js,188,js,191e71e1,Kalberhe,2025-10-25,18:18:07,-07:00,2025-10-25T18:18:07-07:00,0,29
projects\projects.js,189,js,191e71e1,Kalberhe,2025-10-25,18:18:07,-07:00,2025-10-25T18:18:07-07:00,0,32
projects\projects.js,190,js,191e71e1,Kalberhe,2025-10-25,18:18:07,-07:00,2025-10-25T18:18:07-07:00,0,56
projects\projects.js,191,js,191e71e1,Kalberhe,2025-10-25,18:18:07,-07:00,2025-10-25T18:18:07-07:00,0,25
projects\projects.js,192,js,191e71e1,Kalberhe,2025-10-25,18:18:07,-07:00,2025-10-25T18:18:07-07:00,0,2
projects\projects.js,193,js,191e71e1,Kalberhe,2025-10-25,18:18:07,-07:00,2025-10-25T18:18:07-07:00,0,0
projects\projects.js,194,js,191e71e1,Kalberhe,2025-10-25,18:18:07,-07:00,2025-10-25T18:18:07-07:00,0,0
projects\projects.js,195,js,191e71e1,Kalberhe,2025-10-25,18:18:07,-07:00,2025-10-25T18:18:07-07:00,0,27
projects\projects.js,196,js,191e71e1,Kalberhe,2025-10-25,18:18:07,-07:00,2025-10-25T18:18:07-07:00,0,85
projects\projects.js,197,js,191e71e1,Kalberhe,2025-10-25,18:18:07,-07:00,2025-10-25T18:18:07-07:00,0,0
projects\projects.js,198,js,191e71e1,Kalberhe,2025-10-25,18:18:07,-07:00,2025-10-25T18:18:07-07:00,0,0
projects\projects.js,199,js,191e71e1,Kalberhe,2025-10-25,18:18:07,-07:00,2025-10-25T18:18:07-07:00,0,15
projects\projects.js,200,js,191e71e1,Kalberhe,2025-10-25,18:18:07,-07:00,2025-10-25T18:18:07-07:00,0,0
projects\projects.js,201,js,191e71e1,Kalberhe,2025-10-25,18:18:07,-07:00,2025-10-25T18:18:07-07:00,0,0
projects\projects.js,202,js,191e71e1,Kalberhe,2025-10-25,18:18:07,-07:00,2025-10-25T18:18:07-07:00,0,40
projects\projects.js,203,js,191e71e1,Kalberhe,2025-10-25,18:18:07,-07:00,2025-10-25T18:18:07-07:00,0,42
projects\projects.js,204,js,191e71e1,Kalberhe,2025-10-25,18:18:07,-07:00,2025-10-25T18:18:07-07:00,0,57
projects\projects.js,205,js,191e71e1,Kalberhe,2025-10-25,18:18:07,-07:00,2025-10-25T18:18:07-07:00,0,34
projects\projects.js,206,js,191e71e1,Kalberhe,2025-10-25,18:18:07,-07:00,2025-10-25T18:18:07-07:00,0,0
projects\projects.js,207,js,191e71e1,Kalberhe,2025-10-25,18:18:07,-07:00,2025-10-25T18:18:07-07:00,0,70
projects\projects.js,208,js,191e71e1,Kalberhe,2025-10-25,18:18:07,-07:00,2025-10-25T18:18:07-07:00,0,16
projects\projects.js,209,js,191e71e1,Kalberhe,2025-10-25,18:18:07,-07:00,2025-10-25T18:18:07-07:00,0,39
projects\projects.js,210,js,191e71e1,Kalberhe,2025-10-25,18:18:07,-07:00,2025-10-25T18:18:07-07:00,0,7
projects\projects.js,211,js,191e71e1,Kalberhe,2025-10-25,18:18:07,-07:00,2025-10-25T18:18:07-07:00,0,20
projects\projects.js,212,js,191e71e1,Kalberhe,2025-10-25,18:18:07,-07:00,2025-10-25T18:18:07-07:00,0,0
projects\projects.js,213,js,560051f7,Kalberhe,2025-10-25,14:09:46,-07:00,2025-10-25T14:09:46-07:00,0,0
projects\projects.js,214,js,560051f7,Kalberhe,2025-10-25,14:09:46,-07:00,2025-10-25T14:09:46-07:00,0,0
projects\projects.js,215,js,191e71e1,Kalberhe,2025-10-25,18:18:07,-07:00,2025-10-25T18:18:07-07:00,0,33
projects\projects.js,216,js,560051f7,Kalberhe,2025-10-25,14:09:46,-07:00,2025-10-25T14:09:46-07:00,0,17
projects\projects.js,217,js,560051f7,Kalberhe,2025-10-25,14:09:46,-07:00,2025-10-25T14:09:46-07:00,0,46
projects\projects.js,218,js,560051f7,Kalberhe,2025-10-25,14:09:46,-07:00,2025-10-25T14:09:46-07:00,0,23
projects\projects.js,219,js,191e71e1,Kalberhe,2025-10-25,18:18:07,-07:00,2025-10-25T18:18:07-07:00,0,41
projects\projects.js,220,js,560051f7,Kalberhe,2025-10-25,14:09:46,-07:00,2025-10-25T14:09:46-07:00,0,2
projects\projects.js,221,js,560051f7,Kalberhe,2025-10-25,14:09:46,-07:00,2025-10-25T14:09:46-07:00,0,0
projects\projects.js,222,js,560051f7,Kalberhe,2025-10-25,14:09:46,-07:00,2025-10-25T14:09:46-07:00,0,0
projects\projects.js,223,js,191e71e1,Kalberhe,2025-10-25,18:18:07,-07:00,2025-10-25T18:18:07-07:00,0,31
projects\projects.js,224,js,560051f7,Kalberhe,2025-10-25,14:09:46,-07:00,2025-10-25T14:09:46-07:00,0,23
projects\projects.js,225,js,560051f7,Kalberhe,2025-10-25,14:09:46,-07:00,2025-10-25T14:09:46-07:00,0,52
projects\projects.js,226,js,560051f7,Kalberhe,2025-10-25,14:09:46,-07:00,2025-10-25T14:09:46-07:00,0,45
projects\projects.js,227,js,191e71e1,Kalberhe,2025-10-25,18:18:07,-07:00,2025-10-25T18:18:07-07:00,0,19
projects\projects.js,228,js,560051f7,Kalberhe,2025-10-25,14:09:46,-07:00,2025-10-25T14:09:46-07:00,0,4
projects\index.html,1,html,1cf2e767,Kalberhe,2025-10-03,16:12:14,-07:00,2025-10-03T16:12:14-07:00,0,14
projects\index.html,2,html,1cf2e767,Kalberhe,2025-10-03,16:12:14,-07:00,2025-10-03T16:12:14-07:00,0,15
projects\index.html,3,html,1cf2e767,Kalberhe,2025-10-03,16:12:14,-07:00,2025-10-03T16:12:14-07:00,0,5
projects\index.html,4,html,35bc2d2f,Kalberhe,2025-10-10,19:23:14,-07:00,2025-10-10T19:23:14-07:00,0,21
projects\index.html,5,html,1cf2e767,Kalberhe,2025-10-03,16:12:14,-07:00,2025-10-03T16:12:14-07:00,0,52
projects\index.html,6,html,6b6fc7c1,Kalberhe,2025-10-25,18:49:17,-07:00,2025-10-25T18:49:17-07:00,0,47
projects\index.html,7,html,d5ad498a,Kalberhe,2025-10-25,16:27:35,-07:00,2025-10-25T16:27:35-07:00,0,50
projects\index.html,8,html,6b6fc7c1,Kalberhe,2025-10-25,18:49:17,-07:00,2025-10-25T18:49:17-07:00,0,55
projects\index.html,9,html,1cf2e767,Kalberhe,2025-10-03,16:12:14,-07:00,2025-10-03T16:12:14-07:00,0,6
projects\index.html,10,html,1cf2e767,Kalberhe,2025-10-03,16:12:14,-07:00,2025-10-03T16:12:14-07:00,0,5
projects\index.html,11,html,d5ad498a,Kalberhe,2025-10-25,16:27:35,-07:00,2025-10-25T16:27:35-07:00,0,53
projects\index.html,12,html,560051f7,Kalberhe,2025-10-25,14:09:46,-07:00,2025-10-25T14:09:46-07:00,0,0
projects\index.html,13,html,47efd875,Kalberhe,2025-10-25,16:10:19,-07:00,2025-10-25T16:10:19-07:00,0,27
projects\index.html,14,html,d5ad498a,Kalberhe,2025-10-25,16:27:35,-07:00,2025-10-25T16:27:35-07:00,0,16
projects\index.html,15,html,47efd875,Kalberhe,2025-10-25,16:10:19,-07:00,2025-10-25T16:10:19-07:00,0,42
projects\index.html,16,html,560051f7,Kalberhe,2025-10-25,14:09:46,-07:00,2025-10-25T14:09:46-07:00,0,0
projects\index.html,17,html,d5ad498a,Kalberhe,2025-10-25,16:27:35,-07:00,2025-10-25T16:27:35-07:00,0,23
projects\index.html,18,html,d5ad498a,Kalberhe,2025-10-25,16:27:35,-07:00,2025-10-25T16:27:35-07:00,0,21
projects\index.html,19,html,d5ad498a,Kalberhe,2025-10-25,16:27:35,-07:00,2025-10-25T16:27:35-07:00,0,90
projects\index.html,20,html,d5ad498a,Kalberhe,2025-10-25,16:27:35,-07:00,2025-10-25T16:27:35-07:00,0,48
projects\index.html,21,html,d5ad498a,Kalberhe,2025-10-25,16:27:35,-07:00,2025-10-25T16:27:35-07:00,0,5
projects\index.html,22,html,d5ad498a,Kalberhe,2025-10-25,16:27:35,-07:00,2025-10-25T16:27:35-07:00,0,0
projects\index.html,23,html,d5ad498a,Kalberhe,2025-10-25,16:27:35,-07:00,2025-10-25T16:27:35-07:00,0,17
projects\index.html,24,html,47efd875,Kalberhe,2025-10-25,16:10:19,-07:00,2025-10-25T16:10:19-07:00,0,5
projects\index.html,25,html,47efd875,Kalberhe,2025-10-25,16:10:19,-07:00,2025-10-25T16:10:19-07:00,0,16
projects\index.html,26,html,47efd875,Kalberhe,2025-10-25,16:10:19,-07:00,2025-10-25T16:10:19-07:00,0,12
projects\index.html,27,html,47efd875,Kalberhe,2025-10-25,16:10:19,-07:00,2025-10-25T16:10:19-07:00,0,27
projects\index.html,28,html,47efd875,Kalberhe,2025-10-25,16:10:19,-07:00,2025-10-25T16:10:19-07:00,0,32
projects\index.html,29,html,47efd875,Kalberhe,2025-10-25,16:10:19,-07:00,2025-10-25T16:10:19-07:00,0,1
projects\index.html,30,html,560051f7,Kalberhe,2025-10-25,14:09:46,-07:00,2025-10-25T14:09:46-07:00,0,0
projects\index.html,31,html,d5ad498a,Kalberhe,2025-10-25,16:27:35,-07:00,2025-10-25T16:27:35-07:00,0,39
projects\index.html,32,html,47efd875,Kalberhe,2025-10-25,16:10:19,-07:00,2025-10-25T16:10:19-07:00,0,21
projects\index.html,33,html,47efd875,Kalberhe,2025-10-25,16:10:19,-07:00,2025-10-25T16:10:19-07:00,0,61
projects\index.html,34,html,47efd875,Kalberhe,2025-10-25,16:10:19,-07:00,2025-10-25T16:10:19-07:00,0,5
projects\index.html,35,html,47efd875,Kalberhe,2025-10-25,16:10:19,-07:00,2025-10-25T16:10:19-07:00,0,6
projects\index.html,36,html,1cf2e767,Kalberhe,2025-10-03,16:12:14,-07:00,2025-10-03T16:12:14-07:00,0,0
projects\index.html,37,html,d5ad498a,Kalberhe,2025-10-25,16:27:35,-07:00,2025-10-25T16:27:35-07:00,0,19
projects\index.html,38,html,47efd875,Kalberhe,2025-10-25,16:10:19,-07:00,2025-10-25T16:10:19-07:00,0,50
projects\index.html,39,html,1cf2e767,Kalberhe,2025-10-03,16:12:14,-07:00,2025-10-03T16:12:14-07:00,0,6
projects\index.html,40,html,1cf2e767,Kalberhe,2025-10-03,16:12:14,-07:00,2025-10-03T16:12:14-07:00,0,6
contact\index.html,1,html,1f760217,Kalberhe,2025-10-03,16:12:00,-07:00,2025-10-03T16:12:00-07:00,0,14
contact\index.html,2,html,1f760217,Kalberhe,2025-10-03,16:12:00,-07:00,2025-10-03T16:12:00-07:00,0,15
contact\index.html,3,html,1f760217,Kalberhe,2025-10-03,16:12:00,-07:00,2025-10-03T16:12:00-07:00,0,5
contact\index.html,4,html,7e85c10b,Kalberhe,2025-10-17,17:57:06,-07:00,2025-10-17T17:57:06-07:00,0,49
contact\index.html,5,html,2fd71ffc,Kalberhe,2025-10-10,18:05:44,-07:00,2025-10-10T18:05:44-07:00,0,23
contact\index.html,6,html,2fd71ffc,Kalberhe,2025-10-10,18:05:44,-07:00,2025-10-10T18:05:44-07:00,0,68
contact\index.html,7,html,1f760217,Kalberhe,2025-10-03,16:12:00,-07:00,2025-10-03T16:12:00-07:00,0,51
contact\index.html,8,html,bc925839,Kalberhe,2025-10-10,18:22:40,-07:00,2025-10-10T18:22:40-07:00,0,46
contact\index.html,9,html,1f760217,Kalberhe,2025-10-03,16:12:00,-07:00,2025-10-03T16:12:00-07:00,0,6
contact\index.html,10,html,1f760217,Kalberhe,2025-10-03,16:12:00,-07:00,2025-10-03T16:12:00-07:00,0,5
contact\index.html,11,html,a2f99496,Kalberhe,2025-10-17,18:29:03,-07:00,2025-10-17T18:29:03-07:00,0,0
contact\index.html,12,html,2fd71ffc,Kalberhe,2025-10-10,18:05:44,-07:00,2025-10-10T18:05:44-07:00,0,0
contact\index.html,13,html,bc925839,Kalberhe,2025-10-10,18:22:40,-07:00,2025-10-10T18:22:40-07:00,0,5
contact\index.html,14,html,bc925839,Kalberhe,2025-10-10,18:22:40,-07:00,2025-10-10T18:22:40-07:00,0,18
contact\index.html,15,html,bc925839,Kalberhe,2025-10-10,18:22:40,-07:00,2025-10-10T18:22:40-07:00,0,75
contact\index.html,16,html,2fd71ffc,Kalberhe,2025-10-10,18:05:44,-07:00,2025-10-10T18:05:44-07:00,0,0
contact\index.html,17,html,bc925839,Kalberhe,2025-10-10,18:22:40,-07:00,2025-10-10T18:22:40-07:00,0,64
contact\index.html,18,html,7e85c10b,Kalberhe,2025-10-17,17:57:06,-07:00,2025-10-17T17:57:06-07:00,0,95
contact\index.html,19,html,7e85c10b,Kalberhe,2025-10-17,17:57:06,-07:00,2025-10-17T17:57:06-07:00,0,32
contact\index.html,20,html,7e85c10b,Kalberhe,2025-10-17,17:57:06,-07:00,2025-10-17T17:57:06-07:00,0,103
contact\index.html,21,html,2fd71ffc,Kalberhe,2025-10-10,18:05:44,-07:00,2025-10-10T18:05:44-07:00,0,0
contact\index.html,22,html,7e85c10b,Kalberhe,2025-10-17,17:57:06,-07:00,2025-10-17T17:57:06-07:00,0,36
contact\index.html,23,html,7e85c10b,Kalberhe,2025-10-17,17:57:06,-07:00,2025-10-17T17:57:06-07:00,0,75
contact\index.html,24,html,2fd71ffc,Kalberhe,2025-10-10,18:05:44,-07:00,2025-10-10T18:05:44-07:00,0,0
contact\index.html,25,html,7e85c10b,Kalberhe,2025-10-17,17:57:06,-07:00,2025-10-17T17:57:06-07:00,0,33
contact\index.html,26,html,7e85c10b,Kalberhe,2025-10-17,17:57:06,-07:00,2025-10-17T17:57:06-07:00,0,79
contact\index.html,27,html,7e85c10b,Kalberhe,2025-10-17,17:57:06,-07:00,2025-10-17T17:57:06-07:00,0,0
contact\index.html,28,html,7e85c10b,Kalberhe,2025-10-17,17:57:06,-07:00,2025-10-17T17:57:06-07:00,0,34
contact\index.html,29,html,7e85c10b,Kalberhe,2025-10-17,17:57:06,-07:00,2025-10-17T17:57:06-07:00,0,6
contact\index.html,30,html,2fd71ffc,Kalberhe,2025-10-10,18:05:44,-07:00,2025-10-10T18:05:44-07:00,0,0
contact\index.html,31,html,bc925839,Kalberhe,2025-10-10,18:22:40,-07:00,2025-10-10T18:22:40-07:00,0,6
contact\index.html,32,html,1f760217,Kalberhe,2025-10-03,16:12:00,-07:00,2025-10-03T16:12:00-07:00,0,6
contact\index.html,33,html,1f760217,Kalberhe,2025-10-03,16:12:00,-07:00,2025-10-03T16:12:00-07:00,0,6
